,open,high,low,close,volume,money
2014-05-05,2.41,2.41,2.38,2.41,60777805.0,145549104.0
2014-05-06,2.41,2.41,2.38,2.39,69752898.0,167403952.0
2014-05-07,2.39,2.41,2.39,2.41,45107929.0,108261312.0
2014-05-08,2.39,2.43,2.39,2.41,58655820.0,141691312.0
2014-05-09,2.42,2.44,2.41,2.43,64827377.0,157470928.0
2014-05-12,2.43,2.46,2.42,2.45,97794329.0,239121072.0
2014-05-13,2.45,2.45,2.43,2.43,54881039.0,133725792.0
2014-05-14,2.43,2.45,2.42,2.43,53518516.0,130153184.0
2014-05-15,2.43,2.45,2.42,2.44,51895679.0,126447488.0
2014-05-16,2.44,2.45,2.43,2.45,54715255.0,133887120.0
2014-05-19,2.44,2.45,2.42,2.43,61009725.0,148366240.0
2014-05-20,2.44,2.45,2.43,2.44,52112739.0,127029144.0
2014-05-21,2.43,2.45,2.43,2.45,53473068.0,130801344.0
2014-05-22,2.45,2.48,2.45,2.46,66296225.0,163455232.0
2014-05-23,2.46,2.48,2.45,2.48,42181738.0,104079432.0
2014-05-26,2.48,2.48,2.46,2.47,43929102.0,108660752.0
2014-05-27,2.47,2.5,2.47,2.48,62210787.0,154495840.0
2014-05-28,2.48,2.52,2.48,2.51,67809394.0,169771456.0
2014-05-29,2.52,2.53,2.5,2.51,47919038.0,120463080.0
2014-05-30,2.51,2.52,2.5,2.5,67448597.0,168772416.0
2014-06-03,2.5,2.53,2.5,2.52,73093403.0,184447552.0
2014-06-04,2.53,2.53,2.5,2.51,70726253.0,178016464.0
2014-06-05,2.51,2.55,2.5,2.55,106953289.0,271553152.0
2014-06-06,2.55,2.57,2.54,2.54,86640941.0,221037088.0
2014-06-09,2.54,2.59,2.54,2.57,71622076.0,184095040.0
2014-06-10,2.57,2.63,2.57,2.62,136886885.0,356415872.0
2014-06-11,2.62,2.64,2.59,2.62,113395869.0,296021696.0
2014-06-12,2.6,2.62,2.6,2.61,66936147.0,174600016.0
2014-06-13,2.6,2.63,2.6,2.63,90581688.0,237100656.0
2014-06-16,2.63,2.66,2.62,2.66,136767840.0,360544992.0
2014-06-17,2.64,2.66,2.6,2.62,152728880.0,401236800.0
2014-06-18,2.62,2.63,2.6,2.63,156626260.0,409642592.0
2014-06-19,2.62,2.63,2.6,2.61,130693018.0,341008192.0
2014-06-20,2.61,2.62,2.55,2.61,141363885.0,365450432.0
2014-06-23,2.6,2.6,2.58,2.58,72839477.0,188658560.0
2014-06-24,2.58,2.59,2.57,2.59,72523842.0,187063552.0
2014-06-25,2.58,2.58,2.55,2.56,67749969.0,173474624.0
2014-06-26,2.56,2.57,2.55,2.57,63674492.0,163191648.0
2014-06-27,2.57,2.57,2.55,2.57,44224229.0,113335624.0
2014-06-30,2.57,2.58,2.56,2.57,40489976.0,104236376.0
2014-07-01,2.57,2.58,2.56,2.57,57206096.0,146999040.0
2014-07-02,2.57,2.59,2.56,2.58,56697450.0,146051280.0
2014-07-03,2.57,2.6,2.57,2.59,53168659.0,137321664.0
2014-07-04,2.59,2.6,2.58,2.59,45936403.0,118962208.0
2014-07-07,2.59,2.61,2.58,2.61,50957029.0,132560960.0
2014-07-08,2.61,2.63,2.6,2.63,74060899.0,194092160.0
2014-07-09,2.63,2.63,2.59,2.59,55037532.0,143592608.0
2014-07-10,2.59,2.62,2.58,2.61,74791966.0,194960640.0
2014-07-11,2.6,2.63,2.6,2.6,38252318.0,99891840.0
2014-07-14,2.61,2.62,2.6,2.61,63305539.0,164956048.0
2014-07-15,2.62,2.63,2.6,2.63,77702885.0,203120144.0
2014-07-16,2.62,2.63,2.61,2.62,57603872.0,150728352.0
2014-07-17,2.61,2.61,2.6,2.61,46405534.0,120865504.0
2014-07-18,2.6,2.62,2.6,2.61,55282873.0,144061824.0
2014-07-21,2.61,2.61,2.58,2.59,53199828.0,138149792.0
2014-07-22,2.58,2.61,2.58,2.6,70218371.0,182250512.0
2014-07-23,2.6,2.61,2.59,2.6,64424214.0,167686448.0
2014-07-24,2.6,2.64,2.6,2.63,124515307.0,327063104.0
2014-07-25,2.64,2.66,2.63,2.66,90290400.0,239362688.0
2014-07-28,2.67,2.74,2.67,2.72,287346049.0,780449664.0
2014-07-29,2.72,2.73,2.7,2.72,147649686.0,401561728.0
2014-07-30,2.72,2.72,2.69,2.7,125317243.0,339551744.0
2014-07-31,2.7,2.72,2.69,2.72,98564395.0,266562208.0
2014-08-01,2.72,2.74,2.71,2.72,135479982.0,369978464.0
2014-08-04,2.72,2.74,2.71,2.73,129683744.0,353362656.0
2014-08-05,2.73,2.74,2.7,2.72,135694693.0,368653760.0
2014-08-06,2.71,2.72,2.69,2.71,96211255.0,259875184.0
2014-08-07,2.7,2.71,2.66,2.66,135086106.0,363092992.0
2014-08-08,2.66,2.67,2.63,2.66,111136093.0,295163840.0
2014-08-11,2.66,2.72,2.65,2.69,112088857.0,301213120.0
2014-08-12,2.7,2.7,2.66,2.67,63749441.0,170637056.0
2014-08-13,2.67,2.68,2.65,2.66,101002325.0,269019840.0
2014-08-14,2.66,2.68,2.65,2.66,70643147.0,188247728.0
2014-08-15,2.66,2.67,2.65,2.66,65272223.0,173885552.0
2014-08-18,2.66,2.68,2.65,2.66,101670355.0,270731296.0
2014-08-19,2.66,2.66,2.65,2.66,68724549.0,182500048.0
2014-08-20,2.66,2.67,2.65,2.66,62995675.0,167408800.0
2014-08-21,2.66,2.66,2.63,2.65,79112114.0,209451072.0
2014-08-22,2.65,2.66,2.64,2.66,60631907.0,160718144.0
2014-08-25,2.66,2.66,2.63,2.65,82083855.0,217130608.0
2014-08-26,2.64,2.66,2.63,2.64,73396722.0,193874320.0
2014-08-27,2.64,2.64,2.63,2.64,63935011.0,168422304.0
2014-08-28,2.63,2.64,2.6,2.6,80782886.0,211233344.0
2014-08-29,2.61,2.63,2.6,2.62,91075235.0,238208816.0
2014-09-01,2.63,2.65,2.61,2.63,86732326.0,228556176.0
2014-09-02,2.63,2.67,2.63,2.66,124197775.0,328181472.0
2014-09-03,2.66,2.69,2.66,2.69,117628698.0,315275872.0
2014-09-04,2.69,2.72,2.68,2.72,106957129.0,289018080.0
2014-09-05,2.72,2.73,2.71,2.73,129095694.0,351623840.0
2014-09-09,2.73,2.73,2.71,2.72,65944518.0,179309280.0
2014-09-10,2.71,2.71,2.69,2.69,87884042.0,236905184.0
2014-09-11,2.69,2.72,2.68,2.69,79485437.0,214417952.0
2014-09-12,2.69,2.7,2.68,2.7,38655266.0,103973856.0
2014-09-15,2.69,2.7,2.67,2.7,89603715.0,240406688.0
2014-09-16,2.69,2.71,2.68,2.69,158077003.0,425997792.0
2014-09-17,2.69,2.7,2.68,2.69,98046517.0,264173456.0
2014-09-18,2.69,2.7,2.67,2.69,102326388.0,275070784.0
2014-09-19,2.69,2.69,2.67,2.69,113397309.0,304118464.0
2014-09-22,2.68,2.69,2.63,2.64,96580440.0,256638960.0
2014-09-23,2.64,2.65,2.63,2.65,71537583.0,189055792.0
2014-09-24,2.63,2.69,2.63,2.68,158132166.0,420615712.0
2014-09-25,2.69,2.69,2.67,2.69,131785053.0,354272480.0
2014-09-26,2.68,2.69,2.66,2.69,64690790.0,173530768.0
2014-09-29,2.68,2.69,2.66,2.66,108813688.0,290542528.0
2014-09-30,2.66,2.67,2.66,2.67,89136433.0,237434912.0
2014-10-08,2.67,2.68,2.64,2.67,136816465.0,363668608.0
2014-10-09,2.66,2.67,2.66,2.66,92683124.0,246661728.0
2014-10-10,2.66,2.66,2.65,2.66,88333482.0,234263424.0
2014-10-13,2.65,2.66,2.63,2.63,109457472.0,288764160.0
2014-10-14,2.63,2.65,2.63,2.63,67942531.0,179211296.0
2014-10-15,2.63,2.66,2.63,2.65,67441030.0,178181968.0
2014-10-16,2.64,2.67,2.63,2.66,118320753.0,314377920.0
2014-10-17,2.66,2.66,2.65,2.66,91002939.0,241808896.0
2014-10-20,2.66,2.67,2.65,2.66,74545008.0,198398592.0
2014-10-21,2.66,2.66,2.64,2.66,86730228.0,230232816.0
2014-10-22,2.65,2.67,2.64,2.65,125068245.0,332294528.0
2014-10-23,2.65,2.67,2.64,2.66,123070211.0,327702752.0
2014-10-24,2.66,2.67,2.65,2.66,100475177.0,267439456.0
2014-10-27,2.66,2.66,2.63,2.64,88387799.0,233997088.0
2014-10-28,2.64,2.67,2.64,2.66,75983249.0,201800032.0
2014-10-29,2.66,2.69,2.66,2.68,148927677.0,398318400.0
2014-10-30,2.69,2.72,2.68,2.72,196814408.0,532277888.0
2014-10-31,2.72,2.79,2.72,2.77,286694412.0,790282560.0
2014-11-03,2.78,2.78,2.74,2.75,167869014.0,462810304.0
2014-11-04,2.75,2.77,2.73,2.76,138863711.0,381144416.0
2014-11-05,2.76,2.76,2.7,2.71,260842072.0,709205824.0
2014-11-06,2.71,2.72,2.68,2.7,155055812.0,418473856.0
2014-11-07,2.69,2.73,2.68,2.7,185103424.0,500760096.0
2014-11-10,2.72,2.78,2.72,2.78,254932866.0,700418368.0
2014-11-11,2.79,2.97,2.79,2.88,739635860.0,2139143680.0
2014-11-12,2.86,2.86,2.82,2.85,234609290.0,665749632.0
2014-11-13,2.85,2.9,2.84,2.85,246373904.0,706374400.0
2014-11-14,2.86,2.87,2.83,2.86,174336559.0,496181920.0
2014-11-17,2.94,2.94,2.83,2.84,286835326.0,827209344.0
2014-11-18,2.87,2.88,2.81,2.82,201156989.0,569736064.0
2014-11-19,2.8,2.82,2.78,2.79,142646801.0,398616832.0
2014-11-20,2.79,2.8,2.76,2.79,122042244.0,339571200.0
2014-11-21,2.79,2.84,2.78,2.82,147268769.0,413475392.0
2014-11-24,2.8,2.86,2.79,2.82,232051787.0,657357504.0
2014-11-25,2.82,2.87,2.82,2.85,211797231.0,602064256.0
2014-11-26,2.85,2.89,2.84,2.89,328973952.0,944879744.0
2014-11-27,2.91,2.91,2.88,2.9,404862984.0,1174924800.0
2014-11-28,2.9,3.07,2.89,3.06,1127917265.0,3356783616.0
2014-12-01,3.07,3.15,3.03,3.04,859678886.0,2639520000.0
2014-12-02,3.01,3.19,3.0,3.16,882295704.0,2730542592.0
2014-12-03,3.15,3.22,3.09,3.1,857315948.0,2697790464.0
2014-12-04,3.1,3.24,3.09,3.23,943051424.0,2985764608.0
2014-12-05,3.25,3.54,3.19,3.47,1353759478.0,4580277248.0
2014-12-08,3.4,3.6,3.32,3.5,1151169189.0,3966081792.0
2014-12-09,3.44,3.5,3.16,3.18,1502416257.0,5075552768.0
2014-12-10,3.16,3.28,3.08,3.25,813967758.0,2574925824.0
2014-12-11,3.19,3.26,3.16,3.18,491746826.0,1574301184.0
2014-12-12,3.19,3.25,3.16,3.19,414582783.0,1327654272.0
2014-12-15,3.16,3.17,3.08,3.13,451909729.0,1408312832.0
2014-12-16,3.12,3.23,3.12,3.22,624037560.0,1978360448.0
2014-12-17,3.23,3.42,3.19,3.38,1316529477.0,4344311296.0
2014-12-18,3.38,3.38,3.27,3.29,724026937.0,2403489536.0
2014-12-19,3.28,3.37,3.26,3.34,799903772.0,2657662720.0
2014-12-22,3.38,3.63,3.38,3.56,2307547411.0,8172305408.0
2014-12-23,3.48,3.53,3.38,3.39,1028293596.0,3564935680.0
2014-12-24,3.41,3.43,3.22,3.28,825194359.0,2720391936.0
2014-12-25,3.32,3.41,3.28,3.38,725738788.0,2432539648.0
2014-12-26,3.38,3.51,3.37,3.5,886225395.0,3048645888.0
2014-12-29,3.62,3.65,3.44,3.49,1170934922.0,4174208000.0
2014-12-30,3.49,3.62,3.46,3.56,920351064.0,3268242944.0
2014-12-31,3.58,3.72,3.52,3.69,1387648557.0,5049596416.0
2015-01-05,3.73,3.9,3.71,3.83,1804562232.0,6849226240.0
2015-01-06,3.78,4.06,3.75,3.86,1978577328.0,7672745984.0
2015-01-07,3.78,3.86,3.75,3.81,1070959835.0,4076793856.0
2015-01-08,3.82,3.84,3.63,3.66,914334766.0,3396521216.0
2015-01-09,3.65,3.9,3.59,3.69,1310088536.0,4905936896.0
2015-01-12,3.67,3.72,3.57,3.65,722745479.0,2638839552.0
2015-01-13,3.63,3.68,3.62,3.65,354776636.0,1292588672.0
2015-01-14,3.66,3.76,3.66,3.7,713046566.0,2645522688.0
2015-01-15,3.7,3.88,3.67,3.85,823382561.0,3093536256.0
2015-01-16,3.88,3.99,3.86,3.9,1039591054.0,4073206016.0
2015-01-19,3.63,3.73,3.51,3.51,1311248908.0,4725213696.0
2015-01-20,3.53,3.59,3.43,3.51,856032630.0,3017983744.0
2015-01-21,3.54,3.77,3.51,3.72,1047504129.0,3797531392.0
2015-01-22,3.72,3.73,3.63,3.69,752633417.0,2770806784.0
2015-01-23,3.72,3.88,3.72,3.77,1231277920.0,4664106496.0
2015-01-26,3.76,3.78,3.66,3.73,703740038.0,2614900736.0
2015-01-27,3.73,3.73,3.55,3.62,930257818.0,3376429824.0
2015-01-28,3.58,3.61,3.52,3.55,728372900.0,2591288832.0
2015-01-29,3.49,3.51,3.43,3.45,763041339.0,2643394304.0
2015-01-30,3.47,3.5,3.41,3.44,554147174.0,1912726784.0
2015-02-02,3.39,3.39,3.32,3.34,671201161.0,2250689536.0
2015-02-03,3.37,3.41,3.31,3.41,741967766.0,2491369472.0
2015-02-04,3.41,3.43,3.33,3.34,613557469.0,2074139776.0
2015-02-05,3.47,3.49,3.32,3.33,1005386325.0,3426932736.0
2015-02-06,3.31,3.32,3.23,3.25,665505926.0,2182154752.0
2015-02-09,3.23,3.28,3.21,3.25,628293428.0,2036829440.0
2015-02-10,3.25,3.3,3.23,3.3,595922269.0,1950964736.0
2015-02-11,3.26,3.3,3.25,3.28,391520224.0,1282181760.0
2015-02-12,3.27,3.29,3.24,3.28,392881588.0,1282864128.0
2015-02-13,3.3,3.38,3.29,3.36,637482718.0,2127026560.0
2015-02-16,3.35,3.36,3.32,3.35,313265062.0,1047007232.0
2015-02-17,3.35,3.42,3.35,3.4,430157503.0,1460312064.0
2015-02-25,3.4,3.43,3.38,3.4,417642174.0,1421512192.0
2015-02-26,3.38,3.49,3.38,3.47,662135366.0,2273319424.0
2015-02-27,3.48,3.5,3.44,3.47,503583292.0,1747248000.0
2015-03-02,3.47,3.49,3.44,3.46,405911700.0,1403422848.0
2015-03-03,3.44,3.44,3.33,3.33,581250742.0,1964964736.0
2015-03-04,3.33,3.35,3.3,3.32,328282828.0,1091708160.0
2015-03-05,3.29,3.31,3.24,3.26,390204479.0,1275158912.0
2015-03-06,3.27,3.3,3.25,3.28,290053725.0,951291968.0
2015-03-09,3.3,3.45,3.26,3.42,696217742.0,2344408064.0
2015-03-10,3.38,3.39,3.34,3.35,452172531.0,1520247680.0
2015-03-11,3.35,3.42,3.35,3.38,421406556.0,1427555072.0
2015-03-12,3.42,3.52,3.4,3.46,879134381.0,3044381184.0
2015-03-13,3.49,3.53,3.43,3.46,668369229.0,2329716224.0
2015-03-16,3.47,3.5,3.44,3.48,517524460.0,1797078528.0
2015-03-17,3.5,3.51,3.48,3.5,600550526.0,2099251200.0
2015-03-18,3.5,3.59,3.5,3.58,820279497.0,2905011200.0
2015-03-19,3.58,3.59,3.53,3.55,684309318.0,2435866112.0
2015-03-20,3.54,3.62,3.52,3.57,788092884.0,2812444160.0
2015-03-23,3.62,3.64,3.59,3.62,706790465.0,2555339264.0
2015-03-24,3.64,3.69,3.6,3.63,1027300476.0,3728768000.0
2015-03-25,3.62,3.64,3.54,3.55,859716091.0,3088804608.0
2015-03-26,3.52,3.6,3.5,3.57,617562288.0,2191190016.0
2015-03-27,3.58,3.6,3.53,3.56,599892970.0,2139574400.0
2015-03-30,3.6,3.74,3.59,3.72,1502872525.0,5509450752.0
2015-03-31,3.78,3.79,3.65,3.68,1327471882.0,4946411008.0
2015-04-01,3.66,3.72,3.65,3.7,901686513.0,3322487296.0
2015-04-02,3.72,3.72,3.64,3.67,734484071.0,2697751296.0
2015-04-03,3.64,3.7,3.63,3.69,679336705.0,2495174400.0
2015-04-07,3.73,3.78,3.71,3.78,1138557802.0,4270348288.0
2015-04-08,3.79,3.82,3.72,3.81,1163111393.0,4397159424.0
2015-04-09,3.82,3.89,3.78,3.81,1158532983.0,4426962432.0
2015-04-10,3.79,3.88,3.78,3.86,910783382.0,3486315008.0
2015-04-13,3.92,4.03,3.92,4.03,1664100610.0,6605527552.0
2015-04-14,4.01,4.05,3.95,3.98,1009028269.0,4035741696.0
2015-04-15,3.98,4.24,3.97,4.11,1500620779.0,6130926080.0
2015-04-16,4.09,4.26,4.06,4.25,1247222702.0,5168773120.0
2015-04-17,4.33,4.36,4.25,4.27,1525732782.0,6557324288.0
2015-04-20,4.31,4.31,4.09,4.1,1868399369.0,7840590336.0
2015-04-21,4.09,4.13,4.03,4.12,1622411086.0,6613553152.0
2015-04-22,4.14,4.18,4.1,4.18,1240646893.0,5135954944.0
2015-04-23,4.19,4.19,4.11,4.15,1020025974.0,4226012160.0
2015-04-24,4.06,4.09,3.97,4.03,1052549715.0,4249846784.0
2015-04-27,4.03,4.16,4.03,4.16,1182294868.0,4866667520.0
2015-04-28,4.19,4.43,4.16,4.27,2034051125.0,8668592128.0
2015-04-29,4.22,4.22,4.12,4.19,974313747.0,4055593472.0
2015-04-30,4.16,4.18,4.09,4.09,816724224.0,3363326976.0
2015-05-04,4.08,4.1,4.06,4.08,575838053.0,2347049472.0
2015-05-05,4.08,4.08,3.87,3.89,1046819896.0,4154907904.0
2015-05-06,3.89,4.0,3.86,3.88,779380917.0,3058482176.0
2015-05-07,3.88,3.92,3.84,3.84,581586855.0,2251034880.0
2015-05-08,3.88,3.91,3.84,3.9,465689647.0,1805319936.0
2015-05-11,3.9,3.94,3.83,3.94,720678489.0,2796222720.0
2015-05-12,3.95,3.95,3.88,3.93,590671971.0,2315241984.0
2015-05-13,3.94,3.97,3.89,3.91,591597826.0,2320210944.0
2015-05-14,3.92,3.93,3.86,3.88,565202420.0,2200069120.0
2015-05-15,3.88,3.88,3.81,3.84,607638792.0,2333028864.0
2015-05-18,3.81,3.84,3.78,3.78,447715629.0,1703567872.0
2015-05-19,3.78,3.9,3.77,3.89,641095659.0,2471092992.0
2015-05-20,3.89,3.96,3.87,3.9,663587671.0,2592655872.0
2015-05-21,3.9,3.97,3.89,3.94,535004159.0,2103803904.0
2015-05-22,3.97,4.05,3.95,4.03,754551164.0,3026571008.0
2015-05-25,4.05,4.12,4.05,4.12,670932863.0,2740220672.0
2015-05-26,4.13,4.14,4.09,4.12,648773708.0,2667503872.0
2015-05-27,4.13,4.13,4.03,4.06,782090454.0,3187843840.0
2015-05-28,4.06,4.06,3.84,3.86,906197869.0,3597809664.0
2015-05-29,3.84,3.89,3.78,3.84,711734414.0,2730794496.0
2015-06-01,3.84,3.97,3.81,3.96,1013596025.0,3949707776.0
2015-06-02,3.94,3.97,3.89,3.94,685884695.0,2689808128.0
2015-06-03,3.94,3.97,3.88,3.94,587679635.0,2300977408.0
2015-06-04,3.94,4.07,3.88,4.04,1158546173.0,4623463424.0
2015-06-05,4.09,4.13,3.96,4.03,1155770683.0,4673268224.0
2015-06-08,4.03,4.27,4.01,4.26,2280598835.0,9499321344.0
2015-06-09,4.28,4.31,4.13,4.18,1734615363.0,7303845888.0
2015-06-10,4.12,4.15,4.09,4.11,984961641.0,4060887296.0
2015-06-11,4.1,4.13,4.05,4.1,657527446.0,2687770368.0
2015-06-12,4.11,4.12,4.06,4.12,641070841.0,2625858304.0
2015-06-15,4.13,4.17,4.02,4.03,925216713.0,3785027584.0
2015-06-16,4.0,4.06,3.94,3.96,705346616.0,2823396864.0
2015-06-17,4.0,4.03,3.94,4.0,640592842.0,2553292544.0
2015-06-18,3.98,3.98,3.84,3.87,668441567.0,2624346880.0
2015-06-19,3.84,3.89,3.75,3.76,752795681.0,2884750080.0
2015-06-23,3.78,3.94,3.77,3.92,908599197.0,3499038720.0
2015-06-24,3.92,3.97,3.88,3.95,640907605.0,2513574656.0
2015-06-25,4.02,4.04,3.88,3.9,709549045.0,2819105024.0
2015-06-26,3.87,3.91,3.67,3.77,1024969331.0,3910574592.0
2015-06-29,3.81,3.86,3.56,3.84,1213989446.0,4584033792.0
2015-06-30,3.83,4.0,3.78,4.0,1275011857.0,4972056576.0
2015-07-01,3.94,3.97,3.87,3.89,800934941.0,3141718272.0
2015-07-02,3.9,4.15,3.81,4.12,1892794838.0,7516680704.0
2015-07-03,4.01,4.12,3.91,4.02,1555396813.0,6290095104.0
2015-07-06,4.34,4.39,4.11,4.38,3896986098.0,16699620352.0
2015-07-07,4.33,4.7,4.24,4.54,2843968491.0,12789666816.0
2015-07-08,4.28,4.6,4.09,4.32,3757710544.0,16225472512.0
2015-07-09,4.32,4.65,4.03,4.41,2540161012.0,11073784832.0
2015-07-10,4.27,4.66,4.2,4.38,2676820018.0,11959769088.0
2015-07-13,4.26,4.28,4.13,4.17,1774913222.0,7451598336.0
2015-07-14,4.11,4.16,3.98,4.07,1386960143.0,5625904640.0
2015-07-15,4.04,4.19,4.03,4.17,1341090832.0,5521335808.0
2015-07-16,4.17,4.25,4.07,4.13,937737995.0,3888617216.0
2015-07-17,4.13,4.14,4.07,4.12,697931326.0,2864933632.0
2015-07-20,4.1,4.12,4.06,4.09,627261526.0,2567507712.0
2015-07-21,4.07,4.1,4.04,4.07,518680817.0,2110593792.0
2015-07-22,4.06,4.09,4.04,4.05,419738556.0,1702971136.0
2015-07-23,4.04,4.08,4.03,4.07,478286203.0,1942306432.0
2015-07-24,4.07,4.08,4.02,4.03,553789596.0,2241409792.0
2015-07-27,4.0,4.03,3.76,3.81,798913752.0,3140444672.0
2015-07-28,3.76,3.94,3.73,3.82,756506619.0,2895525888.0
2015-07-29,3.79,3.87,3.79,3.84,477210344.0,1824651648.0
2015-07-30,3.83,3.84,3.79,3.79,394854038.0,1503512960.0
2015-07-31,3.77,3.84,3.75,3.82,388034679.0,1467023104.0
2015-08-03,3.79,3.87,3.76,3.85,608391699.0,2319874560.0
2015-08-04,3.82,3.86,3.81,3.85,322762307.0,1236804352.0
2015-08-05,3.83,3.85,3.81,3.81,284762289.0,1090274432.0
2015-08-06,3.79,3.83,3.78,3.8,208477664.0,794823808.0
2015-08-07,3.82,3.83,3.79,3.83,234001423.0,894413248.0
2015-08-10,3.82,3.89,3.79,3.89,550165069.0,2116314624.0
2015-08-11,3.87,3.87,3.83,3.85,395147815.0,1520043136.0
2015-08-12,3.82,3.83,3.79,3.79,248976909.0,948524928.0
2015-08-13,3.79,3.82,3.75,3.79,257163778.0,972276352.0
2015-08-14,3.79,3.79,3.76,3.77,211973942.0,799466816.0
2015-08-17,3.76,3.76,3.71,3.72,281754559.0,1049689216.0
2015-08-18,3.72,3.75,3.66,3.66,409341704.0,1517727488.0
2015-08-19,3.64,3.68,3.57,3.61,430494675.0,1555867392.0
2015-08-20,3.63,3.64,3.59,3.6,286568684.0,1036189248.0
2015-08-21,3.57,3.65,3.57,3.59,495334073.0,1788192512.0
2015-08-24,3.54,3.54,3.23,3.24,667233851.0,2243120896.0
2015-08-25,3.15,3.33,3.01,3.08,674951418.0,2138834944.0
2015-08-26,3.14,3.25,3.01,3.2,754007291.0,2368997888.0
2015-08-27,3.21,3.36,3.12,3.35,713040545.0,2303939072.0
2015-08-28,3.34,3.38,3.29,3.34,465801140.0,1547716480.0
2015-08-31,3.3,3.33,3.25,3.31,379756638.0,1250690560.0
2015-09-01,3.31,3.58,3.3,3.56,1288335458.0,4491813888.0
2015-09-02,3.45,3.91,3.43,3.91,1764012967.0,6542697984.0
2015-09-07,3.74,3.76,3.55,3.57,820330710.0,2988526848.0
2015-09-08,3.51,3.59,3.44,3.56,511264919.0,1800877184.0
2015-09-09,3.52,3.58,3.49,3.56,463221265.0,1636333824.0
2015-09-10,3.53,3.55,3.5,3.53,233286957.0,822389632.0
2015-09-11,3.52,3.53,3.49,3.5,162674613.0,572234112.0
2015-09-14,3.49,3.64,3.45,3.57,539029768.0,1920341376.0
2015-09-15,3.53,3.62,3.51,3.59,484249650.0,1729309184.0
2015-09-16,3.54,3.63,3.51,3.58,302066637.0,1073991424.0
2015-09-17,3.57,3.62,3.56,3.57,271144296.0,974248960.0
2015-09-18,3.57,3.58,3.49,3.52,205268990.0,727310016.0
2015-09-21,3.49,3.51,3.45,3.49,208192934.0,723810624.0
2015-09-22,3.49,3.53,3.48,3.51,171960392.0,602505600.0
2015-09-23,3.49,3.5,3.45,3.45,140131707.0,486081056.0
2015-09-24,3.46,3.48,3.44,3.45,98099262.0,339021024.0
2015-09-25,3.45,3.53,3.44,3.52,227525830.0,792278272.0
2015-09-28,3.49,3.51,3.45,3.46,118612051.0,410812160.0
2015-09-29,3.45,3.45,3.41,3.42,118375133.0,405256096.0
2015-09-30,3.42,3.45,3.42,3.42,90712305.0,311465568.0
2015-10-08,3.48,3.49,3.45,3.46,152672273.0,530081600.0
2015-10-09,3.48,3.52,3.47,3.51,149786043.0,524746176.0
2015-10-12,3.52,3.59,3.5,3.57,235795169.0,837960768.0
2015-10-13,3.55,3.56,3.5,3.52,155584883.0,548936704.0
2015-10-14,3.5,3.52,3.49,3.5,111887336.0,391745024.0
2015-10-15,3.5,3.55,3.49,3.55,143894339.0,507596672.0
2015-10-16,3.56,3.57,3.54,3.56,174507178.0,620409280.0
2015-10-19,3.56,3.58,3.54,3.55,160612783.0,571823936.0
2015-10-20,3.54,3.57,3.53,3.56,111600855.0,396069984.0
2015-10-21,3.56,3.91,3.54,3.77,500399433.0,1810248576.0
2015-10-22,3.63,3.73,3.61,3.68,329219929.0,1203285248.0
2015-10-23,3.64,3.68,3.61,3.64,259869575.0,947384256.0
2015-10-26,3.66,3.67,3.63,3.65,177860838.0,648250624.0
2015-10-27,3.64,3.7,3.62,3.66,217376287.0,795044864.0
2015-10-28,3.64,3.69,3.62,3.64,224368520.0,819665600.0
2015-10-29,3.64,3.65,3.61,3.62,167188201.0,606674560.0
2015-10-30,3.62,3.64,3.61,3.61,146710657.0,530913888.0
2015-11-02,3.6,3.64,3.57,3.57,146404676.0,527258368.0
2015-11-03,3.57,3.58,3.51,3.52,174402264.0,616684736.0
2015-11-04,3.51,3.61,3.5,3.61,272826631.0,972451968.0
2015-11-05,3.58,3.73,3.57,3.67,570403439.0,2092087424.0
2015-11-06,3.65,3.68,3.62,3.68,308182680.0,1123743104.0
2015-11-09,3.71,3.89,3.68,3.79,663888408.0,2526205952.0
2015-11-10,3.76,3.79,3.72,3.74,331308261.0,1240416128.0
2015-11-11,3.72,3.73,3.68,3.72,246113740.0,912946368.0
2015-11-12,3.7,3.72,3.65,3.68,191547782.0,705887616.0
2015-11-13,3.66,3.68,3.64,3.64,167323898.0,610780160.0
2015-11-16,3.61,3.68,3.61,3.68,203547737.0,742615296.0
2015-11-17,3.68,3.72,3.66,3.69,231373705.0,855381568.0
2015-11-18,3.68,3.72,3.66,3.7,211277163.0,780102592.0
2015-11-19,3.68,3.71,3.68,3.7,147632949.0,545087040.0
2015-11-20,3.69,3.7,3.67,3.68,177175737.0,651784448.0
2015-11-23,3.68,3.68,3.64,3.68,214382967.0,785636032.0
2015-11-24,3.67,3.68,3.63,3.67,241413840.0,881859968.0
2015-11-25,3.65,3.69,3.64,3.68,244188325.0,895611456.0
2015-11-26,3.68,3.71,3.68,3.7,232743684.0,859312192.0
2015-11-27,3.68,3.7,3.59,3.62,198296793.0,722141120.0
2015-11-30,3.61,3.66,3.61,3.65,263288988.0,956407040.0
2015-12-01,3.63,3.63,3.57,3.6,239181211.0,858728002.0
2015-12-02,3.59,3.74,3.58,3.73,507420728.0,1866487040.0
2015-12-03,3.7,3.88,3.68,3.84,888098210.0,3379124154.0
2015-12-04,3.79,3.8,3.7,3.71,260284173.0,975947200.0
2015-12-07,3.72,3.72,3.66,3.68,159339209.0,586484752.0
2015-12-08,3.66,3.7,3.61,3.65,218084885.0,794501568.0
2015-12-09,3.64,3.69,3.64,3.68,114712230.0,420770340.0
2015-12-10,3.68,3.72,3.64,3.64,160064583.0,588094720.0
2015-12-11,3.64,3.64,3.61,3.63,141594195.0,512158208.0
2015-12-14,3.61,3.68,3.61,3.68,188700278.0,687866752.0
2015-12-15,3.67,3.68,3.63,3.64,113866585.0,415001728.0
2015-12-16,3.64,3.65,3.61,3.63,106003546.0,384868800.0
2015-12-17,3.64,3.67,3.63,3.65,117026910.0,427421376.0
2015-12-18,3.64,3.72,3.64,3.65,250240517.0,918940032.0
2015-12-21,3.64,3.72,3.63,3.71,316247229.0,1164770432.0
2015-12-22,3.71,3.73,3.68,3.69,184676519.0,683260194.0
2015-12-23,3.68,3.72,3.67,3.69,299665160.0,1106403840.0
2015-12-24,3.7,3.7,3.65,3.68,205349558.0,753829632.0
2015-12-25,3.68,3.68,3.67,3.68,109762284.0,403425511.0
2015-12-28,3.68,3.68,3.63,3.63,185555240.0,678333541.0
2015-12-29,3.63,3.64,3.62,3.64,157560174.0,572319054.0
2015-12-30,3.64,3.65,3.62,3.64,104237188.0,378882612.0
2015-12-31,3.64,3.64,3.62,3.62,123863925.0,449656193.0
2016-01-04,3.62,3.63,3.51,3.52,186581221.0,669360275.0
2016-01-05,3.49,3.57,3.46,3.53,203177243.0,715484718.0
2016-01-06,3.52,3.57,3.52,3.57,143155990.0,508161231.0
2016-01-07,3.55,3.56,3.49,3.5,43627720.0,153712624.0
2016-01-08,3.51,3.55,3.48,3.53,235438323.0,827886955.0
2016-01-11,3.5,3.5,3.41,3.42,208328816.0,722038638.0
2016-01-12,3.45,3.46,3.41,3.42,146415685.0,502307243.0
2016-01-13,3.44,3.44,3.39,3.4,128441761.0,439299085.0
2016-01-14,3.37,3.41,3.33,3.41,165759808.0,559263229.0
2016-01-15,3.39,3.4,3.33,3.34,127994467.0,430207041.0
2016-01-18,3.31,3.36,3.3,3.31,151133445.0,502408250.0
2016-01-19,3.31,3.38,3.3,3.36,124130267.0,415090802.0
2016-01-20,3.36,3.36,3.3,3.34,134817218.0,448627145.0
2016-01-21,3.32,3.37,3.3,3.3,107011096.0,356768999.0
2016-01-22,3.33,3.34,3.3,3.34,107131158.0,355912034.0
2016-01-25,3.34,3.36,3.32,3.34,79395435.0,264870077.0
2016-01-26,3.33,3.34,3.2,3.23,142149327.0,464737013.0
2016-01-27,3.23,3.28,3.21,3.25,192867638.0,625439810.0
2016-01-28,3.24,3.24,3.18,3.2,114091600.0,366284746.0
2016-01-29,3.19,3.26,3.19,3.24,174029734.0,561102779.0
2016-02-01,3.23,3.23,3.16,3.19,131583636.0,419801086.0
2016-02-02,3.18,3.22,3.16,3.2,117185815.0,374582495.0
2016-02-03,3.18,3.19,3.14,3.17,98578878.0,311360878.0
2016-02-04,3.18,3.19,3.16,3.18,93048512.0,295717776.0
2016-02-05,3.18,3.19,3.16,3.17,90065245.0,285791576.0
2016-02-15,3.11,3.15,3.11,3.14,73649808.0,230698475.0
2016-02-16,3.15,3.21,3.15,3.2,107929907.0,344057239.0
2016-02-17,3.19,3.21,3.18,3.19,106357250.0,339602600.0
2016-02-18,3.2,3.22,3.19,3.21,111861855.0,358776063.0
2016-02-19,3.19,3.2,3.17,3.18,119000104.0,378879643.0
2016-02-22,3.19,3.25,3.18,3.23,166611513.0,535540776.0
2016-02-23,3.23,3.23,3.19,3.2,87464577.0,279795157.0
2016-02-24,3.19,3.21,3.18,3.2,94347337.0,301650995.0
2016-02-25,3.2,3.23,3.16,3.17,279873634.0,894572070.0
2016-02-26,3.17,3.2,3.16,3.18,146506987.0,466096800.0
2016-02-29,3.17,3.19,3.08,3.19,231769761.0,726405802.0
2016-03-01,3.18,3.19,3.15,3.19,108099427.0,342399841.0
2016-03-02,3.19,3.26,3.17,3.25,263195440.0,846513560.0
2016-03-03,3.24,3.27,3.23,3.27,189440142.0,614992535.0
2016-03-04,3.26,3.42,3.23,3.41,517720730.0,1733236939.0
2016-03-07,3.38,3.41,3.35,3.39,171152868.0,578835420.0
2016-03-08,3.37,3.43,3.33,3.42,214292870.0,724083081.0
2016-03-09,3.38,3.49,3.37,3.49,238390214.0,816785904.0
2016-03-10,3.45,3.46,3.42,3.42,132868532.0,456423449.0
2016-03-11,3.4,3.43,3.37,3.43,126884817.0,430996925.0
2016-03-14,3.43,3.43,3.39,3.4,252876404.0,861302499.0
2016-03-15,3.39,3.39,3.34,3.37,196314065.0,659491381.0
2016-03-16,3.35,3.44,3.34,3.42,367404407.0,1251693072.0
2016-03-17,3.4,3.41,3.37,3.39,197446178.0,668653062.0
2016-03-18,3.4,3.4,3.35,3.4,208987076.0,707016425.0
2016-03-21,3.4,3.43,3.38,3.41,171148725.0,584178796.0
2016-03-22,3.41,3.42,3.38,3.39,121764800.0,414085387.0
2016-03-23,3.4,3.42,3.38,3.4,124523617.0,424380969.0
2016-03-24,3.4,3.41,3.36,3.37,93343922.0,315119492.0
2016-03-25,3.37,3.38,3.36,3.38,47245149.0,159544356.0
2016-03-28,3.38,3.4,3.36,3.4,97120491.0,328072867.0
2016-03-29,3.38,3.4,3.36,3.36,108613524.0,366811037.0
2016-03-30,3.35,3.42,3.35,3.42,180467022.0,612563262.0
2016-03-31,3.41,3.42,3.38,3.39,116196095.0,394752224.0
2016-04-01,3.39,3.41,3.37,3.4,116521573.0,394940493.0
2016-04-05,3.4,3.42,3.38,3.42,126614234.0,430893535.0
2016-04-06,3.4,3.41,3.38,3.39,89263703.0,303213647.0
2016-04-07,3.4,3.4,3.37,3.37,94408315.0,319392788.0
2016-04-08,3.36,3.39,3.36,3.37,59049105.0,199218573.0
2016-04-11,3.37,3.41,3.37,3.39,85220739.0,289293759.0
2016-04-12,3.39,3.4,3.38,3.38,60961070.0,206670586.0
2016-04-13,3.39,3.43,3.39,3.42,194049426.0,662774061.0
2016-04-14,3.42,3.42,3.41,3.41,55763482.0,190430882.0
2016-04-15,3.42,3.42,3.39,3.4,86212344.0,293723687.0
2016-04-18,3.39,3.4,3.37,3.39,117932383.0,398952652.0
2016-04-19,3.39,3.4,3.38,3.39,52861257.0,179141441.0
2016-04-20,3.39,3.39,3.34,3.39,183296373.0,616860486.0
2016-04-21,3.37,3.41,3.36,3.4,102444378.0,346995818.0
2016-04-22,3.38,3.4,3.38,3.38,72573008.0,245818747.0
2016-04-25,3.38,3.38,3.36,3.38,56362142.0,190074175.0
2016-04-26,3.38,3.39,3.37,3.38,62555197.0,211470592.0
2016-04-27,3.38,3.38,3.37,3.38,40098727.0,135349084.0
2016-04-28,3.38,3.38,3.36,3.38,64384147.0,217190683.0
2016-04-29,3.38,3.38,3.36,3.37,58246704.0,196077297.0
2016-05-03,3.37,3.39,3.35,3.38,96095027.0,324449921.0
2016-05-04,3.38,3.38,3.37,3.38,51062239.0,172470706.0
2016-05-05,3.38,3.38,3.37,3.38,56947661.0,192148936.0
2016-05-06,3.38,3.38,3.34,3.35,90638012.0,305011455.0
2016-05-09,3.34,3.35,3.29,3.3,90362985.0,300202393.0
2016-05-10,3.29,3.3,3.27,3.29,75806293.0,249440935.0
2016-05-11,3.3,3.33,3.28,3.31,82330848.0,271739538.0
2016-05-12,3.3,3.32,3.28,3.3,67066191.0,221133234.0
2016-05-13,3.3,3.34,3.3,3.34,98493763.0,327611690.0
2016-05-16,3.32,3.37,3.32,3.36,73379599.0,245542612.0
2016-05-17,3.35,3.37,3.34,3.36,51770939.0,173829866.0
2016-05-18,3.36,3.36,3.3,3.35,74028569.0,247269141.0
2016-05-19,3.34,3.37,3.34,3.35,66722583.0,223875779.0
2016-05-20,3.35,3.37,3.35,3.36,54905754.0,184533482.0
2016-05-23,3.37,3.38,3.36,3.37,54533535.0,183896312.0
2016-05-24,3.38,3.38,3.35,3.37,61332764.0,206353082.0
2016-05-25,3.38,3.38,3.37,3.37,31019652.0,104636913.0
2016-05-26,3.37,3.38,3.37,3.38,55967667.0,189094755.0
2016-05-27,3.38,3.39,3.37,3.39,40760718.0,137788562.0
2016-05-30,3.39,3.41,3.38,3.4,106903686.0,362512632.0
2016-05-31,3.39,3.45,3.39,3.45,132484349.0,454777896.0
2016-06-01,3.45,3.45,3.42,3.43,80246389.0,275364944.0
2016-06-02,3.43,3.44,3.42,3.43,37502234.0,128753309.0
2016-06-03,3.44,3.45,3.42,3.45,60975451.0,209444067.0
2016-06-06,3.45,3.47,3.44,3.46,74977814.0,258951633.0
2016-06-07,3.46,3.49,3.45,3.48,74442780.0,258882505.0
2016-06-08,3.49,3.49,3.45,3.47,73223786.0,254256447.0
2016-06-13,3.45,3.48,3.45,3.45,84178633.0,291645424.0
2016-06-14,3.44,3.49,3.44,3.48,88014362.0,306345717.0
2016-06-15,3.47,3.49,3.45,3.47,80966181.0,280556215.0
2016-06-16,3.45,3.46,3.44,3.45,50455839.0,174160816.0
2016-06-17,3.45,3.48,3.45,3.45,47425958.0,164418728.0
2016-06-20,3.47,3.48,3.45,3.47,46082187.0,160008927.0
2016-06-21,3.48,3.49,3.46,3.49,44724898.0,155559528.0
2016-06-22,3.48,3.53,3.47,3.51,71354108.0,250457516.0
2016-06-23,3.51,3.53,3.5,3.51,32226494.0,113215027.0
2016-06-24,3.51,3.53,3.45,3.48,56227383.0,196323322.0
2016-06-27,3.47,3.49,3.47,3.49,40392684.0,140606432.0
2016-06-28,3.49,3.5,3.45,3.49,81452318.0,282442800.0
2016-06-29,3.49,3.5,3.47,3.49,68040876.0,236875608.0
2016-06-30,3.49,3.52,3.48,3.51,55807472.0,195605551.0
2016-07-01,3.52,3.55,3.51,3.53,67611510.0,239064522.0
2016-07-04,3.53,3.6,3.53,3.59,82055574.0,293563167.0
2016-07-05,3.59,3.61,3.57,3.6,85347883.0,306304670.0
2016-07-06,3.59,3.61,3.55,3.61,85666711.0,307025862.0
2016-07-07,3.6,3.64,3.58,3.63,141653870.0,512053951.0
2016-07-08,3.63,3.63,3.56,3.58,138473316.0,496377386.0
2016-07-11,3.57,3.59,3.55,3.56,90119541.0,322028871.0
2016-07-12,3.56,3.63,3.55,3.62,169519056.0,608650304.0
2016-07-13,3.61,3.64,3.58,3.63,163393642.0,591082774.0
2016-07-14,3.63,3.63,3.58,3.59,68449078.0,246123637.0
2016-07-15,3.59,3.61,3.58,3.6,66362625.0,238627366.0
2016-07-18,3.59,3.63,3.59,3.62,70133874.0,253685834.0
2016-07-19,3.62,3.63,3.58,3.58,100379069.0,360670789.0
2016-07-20,3.58,3.59,3.56,3.57,63323340.0,226295902.0
2016-07-21,3.57,3.58,3.55,3.57,89595815.0,319909889.0
2016-07-22,3.57,3.58,3.53,3.57,84529771.0,300284451.0
2016-07-25,3.55,3.58,3.55,3.58,79219380.0,283002834.0
2016-07-26,3.58,3.6,3.56,3.59,71847018.0,257577499.0
2016-07-27,3.59,3.6,3.53,3.59,125477168.0,448543022.0
2016-07-28,3.58,3.59,3.57,3.58,69490306.0,248621817.0
2016-07-29,3.58,3.58,3.57,3.58,42003121.0,150323737.0
2016-08-01,3.58,3.61,3.58,3.61,88282588.0,317506882.0
2016-08-02,3.6,3.62,3.59,3.62,54271388.0,195735431.0
2016-08-03,3.61,3.62,3.6,3.61,81525143.0,294318742.0
2016-08-04,3.6,3.61,3.59,3.61,63459887.0,228364237.0
2016-08-05,3.59,3.61,3.58,3.61,70152927.0,252398294.0
2016-08-08,3.6,3.63,3.6,3.62,57582718.0,208067038.0
2016-08-09,3.61,3.64,3.61,3.64,109016063.0,395402689.0
2016-08-10,3.64,3.66,3.63,3.65,80267523.0,292771229.0
2016-08-11,3.65,3.73,3.65,3.68,153045538.0,565050823.0
2016-08-12,3.68,3.76,3.67,3.75,167451450.0,623687437.0
2016-08-15,3.76,3.84,3.73,3.82,228942750.0,869842020.0
2016-08-16,3.83,3.83,3.66,3.7,455018082.0,1690569282.0
2016-08-17,3.69,3.71,3.68,3.7,134337131.0,495822610.0
2016-08-18,3.69,3.72,3.68,3.69,144955382.0,535750845.0
2016-08-19,3.7,3.7,3.68,3.7,92739124.0,341969334.0
2016-08-22,3.69,3.74,3.69,3.73,144633932.0,537380974.0
2016-08-23,3.73,3.78,3.72,3.77,168681341.0,633880193.0
2016-08-24,3.77,3.78,3.75,3.77,116730439.0,439059216.0
2016-08-25,3.76,3.78,3.73,3.77,152598651.0,573139608.0
2016-08-26,3.77,3.77,3.74,3.75,79646722.0,298860433.0
2016-08-29,3.74,3.75,3.69,3.74,102471408.0,381490378.0
2016-08-30,3.73,3.76,3.73,3.76,88150225.0,329623638.0
2016-08-31,3.75,3.78,3.74,3.78,74662230.0,280764471.0
2016-09-01,3.77,3.78,3.75,3.77,66538464.0,250704767.0
2016-09-02,3.76,3.78,3.76,3.78,89361426.0,336919959.0
2016-09-05,3.77,3.79,3.75,3.78,103078858.0,388599263.0
2016-09-06,3.77,3.79,3.7,3.72,243283590.0,911490691.0
2016-09-07,3.73,3.74,3.72,3.73,113701477.0,424103066.0
2016-09-08,3.72,3.74,3.72,3.74,79977558.0,298582853.0
2016-09-09,3.73,3.74,3.73,3.73,61633020.0,230162500.0
2016-09-12,3.71,3.72,3.68,3.71,134988960.0,499502233.0
2016-09-13,3.71,3.71,3.68,3.69,70964731.0,262175580.0
2016-09-14,3.68,3.69,3.63,3.64,93046259.0,340057302.0
2016-09-19,3.64,3.68,3.63,3.67,60679717.0,221615235.0
2016-09-20,3.67,3.67,3.65,3.67,53869552.0,196916269.0
2016-09-21,3.66,3.68,3.64,3.68,77420768.0,283608513.0
2016-09-22,3.68,3.71,3.68,3.7,90939780.0,335933667.0
2016-09-23,3.7,3.72,3.69,3.7,63089054.0,233745765.0
2016-09-26,3.7,3.71,3.68,3.68,83140674.0,306947978.0
2016-09-27,3.68,3.71,3.66,3.7,54856246.0,201943910.0
2016-09-28,3.7,3.7,3.68,3.69,35351009.0,130526729.0
2016-09-29,3.69,3.7,3.68,3.7,51253158.0,189275382.0
2016-09-30,3.69,3.7,3.68,3.69,31266682.0,115474513.0
2016-10-10,3.69,3.72,3.69,3.72,94176771.0,348472060.0
2016-10-11,3.72,3.72,3.7,3.71,66407557.0,246098904.0
2016-10-12,3.7,3.71,3.68,3.69,71089361.0,262766932.0
2016-10-13,3.69,3.7,3.68,3.68,57462963.0,211778426.0
2016-10-14,3.68,3.69,3.66,3.68,81190106.0,298373650.0
2016-10-17,3.68,3.68,3.63,3.65,72382683.0,264825182.0
2016-10-18,3.64,3.68,3.64,3.68,72621653.0,265602083.0
2016-10-19,3.68,3.69,3.66,3.68,64652604.0,237802799.0
2016-10-20,3.68,3.68,3.65,3.66,60435760.0,221513311.0
2016-10-21,3.66,3.68,3.65,3.68,40298334.0,147547919.0
2016-10-24,3.67,3.71,3.66,3.69,177548691.0,655163378.0
2016-10-25,3.69,3.71,3.68,3.71,98998552.0,366389609.0
2016-10-26,3.7,3.7,3.68,3.68,97777699.0,360845493.0
2016-10-27,3.68,3.68,3.66,3.68,74440690.0,273559461.0
2016-10-28,3.68,3.71,3.67,3.7,97198380.0,359216962.0
2016-10-31,3.68,3.7,3.67,3.69,81139532.0,298402976.0
2016-11-01,3.68,3.7,3.68,3.7,72049339.0,265994296.0
2016-11-02,3.68,3.69,3.67,3.68,67888186.0,249801737.0
2016-11-03,3.68,3.69,3.67,3.68,71176927.0,262246929.0
2016-11-04,3.68,3.68,3.66,3.68,111394738.0,408732170.0
2016-11-07,3.67,3.68,3.66,3.68,69319998.0,254331480.0
2016-11-08,3.67,3.71,3.67,3.7,203116095.0,748965999.0
2016-11-09,3.68,3.69,3.65,3.67,152623330.0,560026597.0
2016-11-10,3.68,3.69,3.68,3.69,87692649.0,323330496.0
2016-11-11,3.68,3.69,3.63,3.68,230828304.0,846656746.0
2016-11-14,3.67,3.68,3.66,3.67,229037484.0,839508004.0
2016-11-15,3.67,3.67,3.66,3.67,89960660.0,329518931.0
2016-11-16,3.67,3.67,3.66,3.67,83192504.0,304672031.0
2016-11-17,3.66,3.67,3.65,3.66,64139610.0,234759354.0
2016-11-18,3.66,3.67,3.65,3.66,68147749.0,249517930.0
2016-11-21,3.66,3.68,3.66,3.68,150376085.0,552525537.0
2016-11-22,3.68,3.7,3.68,3.69,288318782.0,1061212372.0
2016-11-23,3.68,3.73,3.68,3.71,277070975.0,1026788162.0
2016-11-24,3.7,3.71,3.69,3.7,119825164.0,443125768.0
2016-11-25,3.69,3.75,3.69,3.75,246539978.0,917957444.0
2016-11-28,3.75,3.8,3.75,3.79,290718408.0,1100768249.0
2016-11-29,3.79,3.81,3.78,3.81,176171699.0,668112797.0
2016-11-30,3.8,3.8,3.75,3.77,145653312.0,549680216.0
2016-12-01,3.77,3.79,3.75,3.77,130842110.0,493593121.0
2016-12-02,3.76,3.78,3.73,3.77,211134410.0,793611986.0
2016-12-05,3.75,3.81,3.74,3.8,219152351.0,829216078.0
2016-12-06,3.79,3.82,3.78,3.78,129932110.0,493575012.0
2016-12-07,3.78,3.8,3.77,3.78,81680873.0,308635958.0
2016-12-08,3.78,3.79,3.76,3.78,102641491.0,387851238.0
2016-12-09,3.78,3.85,3.78,3.83,291608615.0,1113653218.0
2016-12-12,3.83,3.89,3.81,3.86,321512051.0,1237222020.0
2016-12-13,3.83,3.84,3.79,3.8,140826574.0,536568981.0
2016-12-14,3.8,3.83,3.8,3.81,88803185.0,338897632.0
2016-12-15,3.8,3.81,3.7,3.72,150417200.0,562236088.0
2016-12-16,3.71,3.72,3.68,3.69,127651333.0,471566489.0
2016-12-19,3.69,3.71,3.68,3.7,59716257.0,220655675.0
2016-12-20,3.7,3.71,3.64,3.68,123507014.0,452756023.0
2016-12-21,3.66,3.69,3.66,3.68,88283750.0,324687352.0
2016-12-22,3.68,3.69,3.66,3.67,72987845.0,268013232.0
2016-12-23,3.67,3.68,3.65,3.67,72072151.0,263871387.0
2016-12-26,3.65,3.68,3.63,3.68,106810776.0,389851608.0
2016-12-27,3.66,3.68,3.65,3.66,58423184.0,214096549.0
2016-12-28,3.66,3.66,3.63,3.64,111360289.0,405449448.0
2016-12-29,3.63,3.66,3.63,3.65,94795347.0,345590764.0
2016-12-30,3.65,3.68,3.64,3.68,105127091.0,384672848.0
2017-01-03,3.67,3.69,3.66,3.69,124987072.0,460087750.0
2017-01-04,3.68,3.7,3.68,3.69,142700248.0,526408823.0
2017-01-05,3.69,3.71,3.68,3.7,104821589.0,387580728.0
2017-01-06,3.7,3.71,3.69,3.7,104404077.0,386138117.0
2017-01-09,3.71,3.73,3.69,3.72,140937148.0,523539384.0
2017-01-10,3.71,3.73,3.7,3.72,76391700.0,283646229.0
2017-01-11,3.72,3.73,3.71,3.73,62871049.0,233898107.0
2017-01-12,3.72,3.73,3.7,3.73,74595425.0,277258300.0
2017-01-13,3.71,3.74,3.7,3.74,112615342.0,419357047.0
2017-01-16,3.73,3.82,3.7,3.79,362753693.0,1364412975.0
2017-01-17,3.77,3.78,3.76,3.78,108020798.0,407014730.0
2017-01-18,3.77,3.78,3.76,3.78,81944004.0,308822017.0
2017-01-19,3.78,3.8,3.75,3.78,132711296.0,500585770.0
2017-01-20,3.77,3.78,3.75,3.77,81439731.0,306500362.0
2017-01-23,3.77,3.78,3.76,3.78,92408192.0,348112266.0
2017-01-24,3.77,3.81,3.77,3.79,140732385.0,532631883.0
2017-01-25,3.79,3.81,3.78,3.8,81902343.0,310690168.0
2017-01-26,3.8,3.83,3.8,3.83,101397093.0,386971697.0
2017-02-03,3.83,3.83,3.79,3.8,63761759.0,242482106.0
2017-02-06,3.81,3.81,3.78,3.8,66150307.0,251005935.0
2017-02-07,3.79,3.8,3.78,3.79,82092800.0,311360297.0
2017-02-08,3.79,3.8,3.76,3.8,66609901.0,251930028.0
2017-02-09,3.79,3.81,3.78,3.81,78597192.0,298864411.0
2017-02-10,3.81,3.83,3.8,3.83,71660252.0,273504007.0
2017-02-13,3.83,3.86,3.82,3.85,112792468.0,433628174.0
2017-02-14,3.85,3.87,3.84,3.85,96769656.0,372864457.0
2017-02-15,3.85,3.91,3.85,3.9,188004283.0,729898537.0
2017-02-16,3.9,3.93,3.88,3.9,123800220.0,483137636.0
2017-02-17,3.92,3.92,3.85,3.87,114446019.0,444519269.0
2017-02-20,3.86,3.93,3.86,3.89,186832712.0,728360221.0
2017-02-21,3.9,3.93,3.88,3.9,108881798.0,425412580.0
2017-02-22,3.9,3.92,3.89,3.92,73164199.0,285950423.0
2017-02-23,3.92,3.93,3.91,3.93,73566850.0,288149505.0
2017-02-24,3.92,3.92,3.9,3.92,65141106.0,254734807.0
2017-02-27,3.9,3.92,3.89,3.91,70202516.0,274228814.0
2017-02-28,3.9,3.92,3.89,3.91,59774629.0,233271741.0
2017-03-01,3.9,3.93,3.88,3.9,111952804.0,436965708.0
2017-03-02,3.9,3.91,3.89,3.89,60760230.0,237114179.0
2017-03-03,3.88,3.9,3.88,3.88,51524832.0,200181544.0
2017-03-06,3.87,3.9,3.86,3.87,114557274.0,444384940.0
2017-03-07,3.87,3.9,3.86,3.9,102657161.0,398252098.0
2017-03-08,3.88,3.92,3.88,3.91,76352033.0,297861104.0
2017-03-09,3.9,3.93,3.89,3.92,154247910.0,604436588.0
2017-03-10,3.92,3.93,3.9,3.93,62794276.0,245851158.0
2017-03-13,3.92,3.94,3.9,3.94,80900571.0,317462710.0
2017-03-14,3.93,3.98,3.93,3.97,83637232.0,330953825.0
2017-03-15,3.97,3.97,3.93,3.96,70019182.0,276534270.0
2017-03-16,3.95,3.96,3.91,3.92,141901325.0,559053138.0
2017-03-17,3.93,3.93,3.89,3.91,97464570.0,381978603.0
2017-03-20,3.92,3.94,3.91,3.93,100291408.0,393812178.0
2017-03-21,3.92,3.93,3.91,3.93,68529799.0,268888793.0
2017-03-22,3.93,3.93,3.88,3.88,135539905.0,528460211.0
2017-03-23,3.89,3.91,3.88,3.89,106974514.0,416701715.0
2017-03-24,3.89,3.91,3.86,3.91,116370306.0,452381998.0
2017-03-27,3.89,3.97,3.88,3.96,189030075.0,743929161.0
2017-03-28,3.96,3.97,3.93,3.96,91691795.0,362490509.0
2017-03-29,3.95,3.98,3.94,3.98,117859921.0,467762713.0
2017-03-30,3.98,4.03,3.94,4.01,153197282.0,607688496.0
2017-03-31,3.98,4.07,3.98,4.03,156416611.0,629464878.0
2017-04-05,4.03,4.05,4.01,4.04,131377150.0,529500135.0
2017-04-06,4.04,4.05,4.0,4.03,75571306.0,303787354.0
2017-04-07,4.02,4.06,4.01,4.05,107196219.0,433073222.0
2017-04-10,4.05,4.06,4.01,4.03,70622908.0,284177676.0
2017-04-11,4.01,4.03,3.98,4.0,97211029.0,388871585.0
2017-04-12,3.99,4.07,3.98,4.04,136564734.0,548277448.0
2017-04-13,4.03,4.03,3.99,4.01,95967152.0,385351338.0
2017-04-14,4.0,4.02,3.98,4.01,54011025.0,216116057.0
2017-04-17,3.99,4.03,3.96,4.03,135580390.0,540611451.0
2017-04-18,4.0,4.01,3.98,3.99,73306119.0,292283671.0
2017-04-19,3.98,3.99,3.94,3.95,107652761.0,426318391.0
2017-04-20,3.94,3.98,3.93,3.94,77032563.0,304725880.0
2017-04-21,3.94,4.03,3.93,4.01,149994909.0,597576218.0
2017-04-24,3.99,4.03,3.98,4.02,111269021.0,446364424.0
2017-04-25,4.02,4.03,4.0,4.01,76490778.0,307119446.0
2017-04-26,4.02,4.06,4.01,4.06,102622286.0,414075215.0
2017-04-27,4.05,4.07,4.03,4.07,123647836.0,500778726.0
2017-04-28,4.06,4.07,4.03,4.07,79270381.0,320794707.0
2017-05-02,4.05,4.06,4.02,4.02,50861186.0,205273096.0
2017-05-03,4.02,4.03,3.99,4.01,92176356.0,369536251.0
2017-05-04,4.0,4.02,3.98,4.01,86142784.0,344687610.0
2017-05-05,3.99,4.06,3.98,4.05,150696715.0,605112334.0
2017-05-08,4.03,4.08,4.02,4.08,169740835.0,688241515.0
2017-05-09,4.06,4.09,4.05,4.06,92679740.0,377718384.0
2017-05-10,4.05,4.09,4.05,4.08,110445654.0,449950713.0
2017-05-11,4.08,4.13,4.08,4.11,127510314.0,524557064.0
2017-05-12,4.1,4.22,4.09,4.22,198170409.0,826699747.0
2017-05-15,4.21,4.27,4.18,4.25,186492540.0,789661963.0
2017-05-16,4.23,4.23,4.14,4.17,179833770.0,750102368.0
2017-05-17,4.16,4.17,4.12,4.13,141898471.0,586105486.0
2017-05-18,4.12,4.18,4.11,4.17,84921961.0,352948738.0
2017-05-19,4.17,4.18,4.14,4.15,53990826.0,224590420.0
2017-05-22,4.13,4.21,4.13,4.19,120130855.0,501217542.0
2017-05-23,4.19,4.27,4.18,4.25,164859265.0,697930661.0
2017-05-24,4.25,4.28,4.21,4.26,114963090.0,487960967.0
2017-05-25,4.26,4.42,4.24,4.3,301514160.0,1302498438.0
2017-05-26,4.28,4.38,4.28,4.36,134452218.0,582681277.0
2017-05-31,4.34,4.41,4.32,4.38,141241043.0,616451183.0
2017-06-01,4.37,4.43,4.35,4.43,137378452.0,602099063.0
2017-06-02,4.43,4.5,4.39,4.42,145132125.0,645472311.0
2017-06-05,4.4,4.4,4.25,4.28,375507850.0,1613933715.0
2017-06-06,4.27,4.29,4.25,4.28,132503105.0,565692984.0
2017-06-07,4.28,4.34,4.27,4.3,194999704.0,838740021.0
2017-06-08,4.29,4.32,4.27,4.3,170949100.0,733354026.0
2017-06-09,4.3,4.36,4.28,4.3,278120961.0,1199941141.0
2017-06-12,4.3,4.33,4.28,4.29,192812066.0,830351448.0
2017-06-13,4.29,4.31,4.27,4.29,111886019.0,479603365.0
2017-06-14,4.28,4.3,4.27,4.29,88133828.0,377537388.0
2017-06-15,4.28,4.29,4.19,4.21,237108495.0,1004445224.0
2017-06-16,4.2,4.22,4.17,4.2,166517805.0,697851516.0
2017-06-19,4.2,4.22,4.16,4.17,246080285.0,1028985301.0
2017-06-20,4.17,4.22,4.15,4.2,236300759.0,989599825.0
2017-06-21,4.21,4.22,4.18,4.21,137948597.0,579457178.0
2017-06-22,4.21,4.32,4.2,4.25,374563959.0,1598284141.0
2017-06-23,4.25,4.29,4.22,4.28,196299156.0,836120176.0
2017-06-26,4.28,4.37,4.23,4.26,362427142.0,1554208978.0
2017-06-27,4.25,4.27,4.22,4.24,252145916.0,1069298111.0
2017-06-28,4.24,4.29,4.22,4.23,294078851.0,1252574020.0
2017-06-29,4.24,4.33,4.23,4.32,217780143.0,933437347.0
2017-06-30,4.3,4.38,4.28,4.38,245018537.0,1066988996.0
2017-07-03,4.37,4.39,4.35,4.37,119587289.0,521850457.0
2017-07-04,4.37,4.4,4.32,4.38,162869433.0,709171868.0
2017-07-05,4.37,4.38,4.33,4.36,125102946.0,544623294.0
2017-07-06,4.34,4.38,4.34,4.36,128941123.0,562347817.0
2017-07-07,4.36,4.36,4.33,4.34,194521348.0,844999124.0
2017-07-10,4.34,4.37,4.32,4.36,167845574.0,729039119.0
2017-07-11,4.36,4.43,4.33,4.41,285503485.0,1249932391.0
2017-07-12,4.41,4.49,4.4,4.43,252135835.0,1122631870.0
2017-07-13,4.45,4.53,4.44,4.5,241273739.0,1080716841.0
2017-07-14,4.51,4.53,4.48,4.51,105410679.0,474780292.0
2017-07-17,4.53,4.68,4.51,4.66,364595825.0,1679932657.0
2017-07-18,4.61,4.69,4.58,4.6,211880823.0,980266595.0
2017-07-19,4.59,4.66,4.56,4.59,276098191.0,1272124086.0
2017-07-20,4.59,4.62,4.55,4.61,201263957.0,923684742.0
2017-07-21,4.6,4.67,4.59,4.65,144901137.0,672091115.0
2017-07-24,4.64,4.74,4.64,4.7,196265963.0,923957625.0
2017-07-25,4.71,4.87,4.71,4.78,280373723.0,1343183304.0
2017-07-26,4.78,4.93,4.76,4.88,257427902.0,1252080193.0
2017-07-27,4.86,4.87,4.78,4.82,209489556.0,1009318855.0
2017-07-28,4.8,4.88,4.73,4.84,168928279.0,813887749.0
2017-07-31,4.82,4.87,4.8,4.8,140639080.0,680532268.0
2017-08-01,4.8,4.85,4.8,4.85,159629245.0,770611801.0
2017-08-02,4.85,4.97,4.84,4.97,253429305.0,1251334053.0
2017-08-03,4.97,5.04,4.89,4.93,184159516.0,912529257.0
2017-08-04,4.91,4.95,4.89,4.94,130377780.0,642953154.0
2017-08-07,4.92,4.95,4.85,4.93,126797410.0,623270422.0
2017-08-08,4.91,4.98,4.85,4.95,135681673.0,667331920.0
2017-08-09,4.93,4.94,4.81,4.83,158922992.0,774263820.0
2017-08-10,4.83,4.86,4.73,4.81,178508781.0,854624699.0
2017-08-11,4.76,4.86,4.7,4.84,255226667.0,1215122180.0
2017-08-14,4.8,4.84,4.74,4.79,167757401.0,802259124.0
2017-08-15,4.79,4.97,4.79,4.89,298415754.0,1465479916.0
2017-08-16,4.89,4.97,4.84,4.91,166502231.0,818380832.0
2017-08-17,4.91,4.93,4.87,4.9,69466299.0,340043653.0
2017-08-18,4.87,4.93,4.84,4.9,104949556.0,512952158.0
2017-08-21,4.87,4.93,4.85,4.91,85405600.0,416956132.0
2017-08-22,4.9,4.97,4.88,4.96,99001985.0,488014186.0
2017-08-23,4.95,5.11,4.94,5.1,231840864.0,1170020925.0
2017-08-24,5.13,5.19,5.08,5.16,169993862.0,875386355.0
2017-08-25,5.14,5.39,5.14,5.37,311223445.0,1648923607.0
2017-08-28,5.35,5.39,5.23,5.27,402270141.0,2133696964.0
2017-08-29,5.26,5.3,5.21,5.3,196436972.0,1036639115.0
2017-08-30,5.3,5.33,5.14,5.21,301556818.0,1577121146.0
2017-08-31,5.19,5.21,5.09,5.14,290351552.0,1493536355.0
2017-09-01,5.11,5.16,5.02,5.05,389917138.0,1987960684.0
2017-09-04,5.03,5.14,5.02,5.13,242766680.0,1238614676.0
2017-09-05,5.12,5.23,5.11,5.19,268294800.0,1393241003.0
2017-09-06,5.17,5.21,5.13,5.14,141466134.0,728517833.0
2017-09-07,5.14,5.15,5.09,5.13,132922925.0,679893182.0
2017-09-08,5.12,5.18,5.1,5.14,124709004.0,640112794.0
2017-09-11,5.16,5.21,5.13,5.14,201450217.0,1041184834.0
2017-09-12,5.13,5.18,5.08,5.17,165882554.0,849024158.0
2017-09-13,5.15,5.2,5.14,5.17,139747192.0,723510862.0
2017-09-14,5.16,5.21,5.11,5.13,202182288.0,1044554338.0
2017-09-15,5.11,5.11,5.01,5.03,232142831.0,1172719620.0
2017-09-18,5.06,5.07,5.0,5.02,146450469.0,736307003.0
2017-09-19,5.01,5.05,4.94,5.04,243930300.0,1219244260.0
2017-09-20,5.01,5.07,4.99,5.05,137666318.0,693451293.0
2017-09-21,5.04,5.2,5.03,5.19,274151009.0,1410591951.0
2017-09-22,5.18,5.27,5.17,5.21,200917649.0,1049237628.0
2017-09-25,5.19,5.35,5.19,5.33,239580725.0,1262477863.0
2017-09-26,5.31,5.34,5.29,5.29,148601405.0,790098460.0
2017-09-27,5.27,5.28,5.21,5.25,195266948.0,1023715524.0
2017-09-28,5.23,5.28,5.19,5.27,161587393.0,845388054.0
2017-09-29,5.27,5.28,5.2,5.23,157736908.0,825599597.0
2017-10-09,5.47,5.52,5.25,5.32,475287143.0,2549794027.0
2017-10-10,5.31,5.4,5.22,5.35,362521722.0,1927549818.0
2017-10-11,5.33,5.44,5.33,5.41,224944019.0,1211789130.0
2017-10-12,5.39,5.44,5.38,5.41,148574029.0,803900184.0
2017-10-13,5.41,5.42,5.34,5.35,176448056.0,949335467.0
2017-10-16,5.34,5.42,5.32,5.41,206392635.0,1110111572.0
2017-10-17,5.4,5.42,5.35,5.36,166894906.0,899597525.0
2017-10-18,5.38,5.48,5.34,5.48,298083740.0,1616782253.0
2017-10-19,5.45,5.58,5.44,5.53,258645922.0,1428684400.0
2017-10-20,5.51,5.52,5.43,5.44,165340144.0,903955406.0
2017-10-23,5.44,5.48,5.38,5.4,177416238.0,962512348.0
2017-10-24,5.4,5.45,5.39,5.43,179357740.0,972450630.0
2017-10-25,5.41,5.43,5.34,5.37,190237533.0,1022535463.0
2017-10-26,5.35,5.36,5.27,5.27,418495739.0,2217286009.0
2017-10-27,5.27,5.46,5.25,5.4,523455095.0,2808909770.0
2017-10-30,5.39,5.48,5.36,5.45,301911037.0,1641299660.0
2017-10-31,5.44,5.45,5.31,5.32,232606128.0,1247662867.0
2017-11-01,5.33,5.34,5.28,5.31,239819613.0,1272339699.0
2017-11-02,5.31,5.32,5.22,5.31,235072698.0,1240297927.0
2017-11-03,5.29,5.33,5.24,5.32,241160681.0,1273814371.0
2017-11-06,5.28,5.3,5.23,5.27,183108862.0,963361047.0
2017-11-07,5.26,5.32,5.23,5.29,392425739.0,2069480027.0
2017-11-08,5.28,5.31,5.23,5.27,356357499.0,1876195231.0
2017-11-09,5.25,5.26,5.18,5.18,311299770.0,1622576916.0
2017-11-10,5.19,5.19,5.07,5.07,479951805.0,2449725064.0
2017-11-13,5.09,5.21,5.08,5.2,466318586.0,2410240641.0
2017-11-14,5.2,5.21,5.13,5.15,219189831.0,1130754341.0
2017-11-15,5.13,5.19,5.11,5.15,194285185.0,1000239409.0
2017-11-16,5.14,5.15,5.07,5.1,246158016.0,1257739386.0
2017-11-17,5.11,5.27,5.11,5.26,469674267.0,2447884551.0
2017-11-20,5.24,5.35,5.21,5.33,435826574.0,2305443629.0
2017-11-21,5.3,5.38,5.27,5.34,478604088.0,2549098893.0
2017-11-22,5.35,5.48,5.35,5.43,495324487.0,2693415698.0
2017-11-23,5.43,5.5,5.28,5.34,427307821.0,2305971060.0
2017-11-24,5.33,5.34,5.21,5.29,351475917.0,1848711911.0
2017-11-27,5.27,5.27,5.16,5.21,381104799.0,1982702596.0
2017-11-28,5.19,5.21,5.14,5.16,228359319.0,1177612540.0
2017-11-29,5.18,5.22,5.13,5.16,212411450.0,1097060365.0
2017-11-30,5.16,5.17,5.12,5.16,189035687.0,971396079.0
2017-12-01,5.15,5.15,5.11,5.14,187463091.0,960961441.0
2017-12-04,5.12,5.16,5.09,5.14,170471890.0,874427309.0
2017-12-05,5.14,5.27,5.12,5.23,418469561.0,2176145858.0
2017-12-06,5.21,5.23,5.15,5.21,235344852.0,1221972375.0
2017-12-07,5.18,5.2,5.1,5.14,188860477.0,969897035.0
2017-12-08,5.13,5.14,5.11,5.13,178252915.0,913295337.0
2017-12-11,5.13,5.14,5.07,5.14,201128138.0,1025706811.0
2017-12-12,5.13,5.14,5.08,5.09,140809172.0,719258690.0
2017-12-13,5.1,5.15,5.07,5.14,191468831.0,978478214.0
2017-12-14,5.14,5.21,5.13,5.14,168527513.0,870053895.0
2017-12-15,5.13,5.14,5.08,5.1,134016732.0,684416775.0
2017-12-18,5.11,5.16,5.1,5.16,191538169.0,983204991.0
2017-12-19,5.14,5.23,5.14,5.21,312907426.0,1628202576.0
2017-12-20,5.22,5.26,5.18,5.21,217963871.0,1136206448.0
2017-12-21,5.21,5.22,5.18,5.2,168119224.0,874744841.0
2017-12-22,5.21,5.21,5.16,5.16,136095255.0,704959350.0
2017-12-25,5.17,5.26,5.17,5.23,274846393.0,1437036003.0
2017-12-26,5.23,5.32,5.21,5.3,248348235.0,1313822197.0
2017-12-27,5.31,5.36,5.25,5.27,246750739.0,1310856357.0
2017-12-28,5.26,5.35,5.25,5.35,240957110.0,1281417931.0
2017-12-29,5.34,5.42,5.34,5.41,248769003.0,1340016987.0
2018-01-02,5.4,5.57,5.33,5.39,616436480.0,3356778409.0
2018-01-03,5.39,5.51,5.34,5.37,400692990.0,2172614073.0
2018-01-04,5.39,5.39,5.28,5.29,499071425.0,2661279489.0
2018-01-05,5.31,5.33,5.28,5.3,323187017.0,1715071500.0
2018-01-08,5.31,5.32,5.27,5.29,250590135.0,1325134030.0
2018-01-09,5.29,5.33,5.27,5.31,191750415.0,1016901409.0
2018-01-10,5.3,5.4,5.28,5.37,285286341.0,1528503369.0
2018-01-11,5.39,5.44,5.35,5.41,225999600.0,1220745187.0
2018-01-12,5.41,5.49,5.41,5.45,251007842.0,1367945833.0
2018-01-15,5.44,5.65,5.44,5.61,608113540.0,3390801519.0
2018-01-16,5.61,5.75,5.56,5.75,438202418.0,2477463823.0
2018-01-17,5.79,6.09,5.79,5.86,675010649.0,3985715090.0
2018-01-18,5.89,6.23,5.89,6.22,673237917.0,4082204721.0
2018-01-19,6.23,6.28,6.09,6.21,500813061.0,3090202754.0
2018-01-22,6.14,6.41,6.11,6.25,538050573.0,3361424941.0
2018-01-23,6.23,6.57,6.2,6.53,691662397.0,4451129294.0
2018-01-24,6.53,6.68,6.36,6.45,573867664.0,3730795529.0
2018-01-25,6.39,6.47,6.22,6.41,444480785.0,2825420229.0
2018-01-26,6.36,6.58,6.34,6.43,484176581.0,3128361719.0
2018-01-29,6.43,6.7,6.42,6.48,423830089.0,2770750386.0
2018-01-30,6.45,6.47,6.29,6.35,282764710.0,1800131407.0
2018-01-31,6.35,6.54,6.29,6.52,432135874.0,2761036083.0
2018-02-01,6.49,6.71,6.47,6.7,523934009.0,3463752676.0
2018-02-02,6.63,6.69,6.49,6.63,381079136.0,2512792373.0
2018-02-05,6.52,6.77,6.5,6.76,467969471.0,3129790805.0
2018-02-06,6.62,6.67,6.45,6.6,779427908.0,5121172363.0
2018-02-07,6.6,6.69,6.1,6.22,730573899.0,4666865512.0
2018-02-08,6.15,6.17,5.83,5.95,620398175.0,3715985911.0
2018-02-09,5.74,5.86,5.61,5.82,693183286.0,3985698498.0
2018-02-12,5.79,5.85,5.68,5.76,406520679.0,2344434626.0
2018-02-13,5.81,6.0,5.79,5.93,486194749.0,2865744342.0
2018-02-14,5.92,6.02,5.87,6.0,207105193.0,1234093936.0
2018-02-22,6.13,6.17,6.07,6.1,292080927.0,1789568288.0
2018-02-23,6.13,6.14,6.04,6.11,217348300.0,1324991245.0
2018-02-26,6.16,6.25,6.05,6.12,321656297.0,1973958671.0
2018-02-27,6.1,6.13,5.85,5.92,394252134.0,2345465632.0
2018-02-28,5.85,5.9,5.78,5.82,276854376.0,1615860477.0
2018-03-01,5.78,5.89,5.75,5.83,218472638.0,1275672236.0
2018-03-02,5.76,5.86,5.74,5.82,187726573.0,1089812841.0
2018-03-05,5.82,5.86,5.69,5.77,235451997.0,1357444336.0
2018-03-06,5.8,5.82,5.65,5.71,503051474.0,2875033346.0
2018-03-07,5.75,5.87,5.74,5.78,451136734.0,2620109832.0
2018-03-08,5.8,5.82,5.68,5.71,264575983.0,1517502717.0
2018-03-09,5.74,5.76,5.69,5.71,211329012.0,1209625214.0
2018-03-12,5.75,5.77,5.62,5.65,506422230.0,2890852262.0
2018-03-13,5.66,5.74,5.65,5.67,336870634.0,1916691862.0
2018-03-14,5.63,5.67,5.58,5.61,221909849.0,1245072024.0
2018-03-15,5.59,5.64,5.58,5.63,174289864.0,979426517.0
2018-03-16,5.63,5.63,5.54,5.55,188358517.0,1051740274.0
2018-03-19,5.53,5.59,5.49,5.58,172521269.0,955871368.0
2018-03-20,5.54,5.7,5.53,5.69,288426998.0,1628315187.0
2018-03-21,5.71,5.74,5.61,5.66,267648654.0,1519914850.0
2018-03-22,5.66,5.66,5.55,5.64,224919424.0,1259729602.0
2018-03-23,5.53,5.54,5.36,5.49,406554011.0,2219790458.0
2018-03-26,5.43,5.48,5.19,5.25,459612802.0,2431016333.0
2018-03-27,5.31,5.34,5.16,5.21,424509439.0,2218556532.0
2018-03-28,5.16,5.32,5.14,5.21,431520269.0,2261921883.0
2018-03-29,5.23,5.44,5.16,5.31,539601133.0,2858443177.0
2018-03-30,5.32,5.36,5.28,5.31,271316724.0,1443446371.0
2018-04-02,5.3,5.34,5.17,5.2,344756861.0,1803979996.0
2018-04-03,5.14,5.18,5.09,5.13,268469808.0,1376478110.0
2018-04-04,5.14,5.18,5.09,5.12,223097537.0,1146884490.0
2018-04-09,5.13,5.15,5.1,5.11,181776894.0,931084508.0
2018-04-10,5.11,5.34,5.1,5.34,375607056.0,1964939852.0
2018-04-11,5.34,5.49,5.33,5.44,388351123.0,2100124358.0
2018-04-12,5.42,5.43,5.27,5.3,237956765.0,1273076622.0
2018-04-13,5.34,5.36,5.23,5.26,196877649.0,1039652829.0
2018-04-16,5.23,5.23,5.04,5.07,450291862.0,2296424132.0
2018-04-17,5.07,5.11,5.01,5.05,226640311.0,1147983626.0
2018-04-18,5.12,5.16,5.07,5.13,359160389.0,1836848246.0
2018-04-19,5.13,5.21,5.13,5.16,245865799.0,1271554923.0
2018-04-20,5.14,5.18,5.07,5.16,220149153.0,1129784454.0
2018-04-23,5.12,5.27,5.11,5.25,272947839.0,1423659690.0
2018-04-24,5.27,5.43,5.23,5.3,612807067.0,3262784574.0
2018-04-25,5.26,5.27,5.19,5.22,239155914.0,1249453222.0
2018-04-26,5.22,5.23,5.14,5.19,235581516.0,1218654222.0
2018-04-27,5.19,5.26,5.14,5.23,252028400.0,1307657116.0
2018-05-02,5.28,5.31,5.2,5.21,197075438.0,1033807846.0
2018-05-03,5.21,5.24,5.15,5.19,171770727.0,892588509.0
2018-05-04,5.17,5.2,5.14,5.15,150932581.0,778490615.0
2018-05-07,5.15,5.2,5.1,5.19,219849624.0,1132764885.0
2018-05-08,5.19,5.3,5.15,5.21,370277370.0,1938029640.0
2018-05-09,5.22,5.23,5.18,5.22,167586283.0,872576939.0
2018-05-10,5.24,5.27,5.19,5.23,174956036.0,914792868.0
2018-05-11,5.24,5.32,5.22,5.29,319740184.0,1690257018.0
2018-05-14,5.31,5.36,5.26,5.29,286591629.0,1520366403.0
2018-05-15,5.3,5.35,5.27,5.31,234417367.0,1244723970.0
2018-05-16,5.29,5.29,5.21,5.23,183745617.0,964628887.0
2018-05-17,5.24,5.24,5.18,5.21,160676194.0,835994403.0
2018-05-18,5.19,5.28,5.17,5.27,165431830.0,865674057.0
2018-05-21,5.3,5.3,5.22,5.26,244764240.0,1289062932.0
2018-05-22,5.24,5.25,5.18,5.21,212346858.0,1103615932.0
2018-05-23,5.19,5.2,5.1,5.1,290361687.0,1489993006.0
2018-05-24,5.11,5.13,5.02,5.03,272412612.0,1377893276.0
2018-05-25,5.02,5.06,5.0,5.04,206251141.0,1036800692.0
2018-05-28,5.02,5.05,5.0,5.02,157826750.0,792088828.0
2018-05-29,5.01,5.02,4.9,5.0,345782499.0,1713198830.0
2018-05-30,4.93,4.97,4.9,4.91,167612557.0,827711227.0
2018-05-31,4.93,4.95,4.89,4.93,216997377.0,1068918820.0
2018-06-01,4.92,4.97,4.89,4.92,200754374.0,989445886.0
2018-06-04,4.93,4.99,4.92,4.97,234127644.0,1161090034.0
2018-06-05,4.98,5.0,4.93,4.97,168452339.0,835579978.0
2018-06-06,4.96,4.96,4.93,4.93,146809062.0,725281259.0
2018-06-07,4.94,4.99,4.93,4.96,187492819.0,929255910.0
2018-06-08,4.94,4.95,4.86,4.87,231617559.0,1131400542.0
2018-06-11,4.86,4.88,4.81,4.87,140929305.0,682975416.0
2018-06-12,4.87,4.89,4.84,4.88,133823867.0,651384560.0
2018-06-13,4.87,4.87,4.82,4.87,156441146.0,757652100.0
2018-06-14,4.83,4.93,4.83,4.9,160965955.0,785016596.0
2018-06-15,4.89,5.0,4.88,4.97,320427648.0,1589976530.0
2018-06-19,4.93,5.02,4.89,5.0,543255071.0,2701231480.0
2018-06-20,4.97,4.99,4.93,4.96,156595934.0,775845309.0
2018-06-21,4.96,5.0,4.93,4.95,159978101.0,795973903.0
2018-06-22,4.93,4.95,4.91,4.94,143252084.0,705564433.0
2018-06-25,4.96,4.98,4.81,4.83,196914805.0,962182102.0
2018-06-26,4.8,4.8,4.67,4.73,230908463.0,1092349079.0
2018-06-27,4.71,4.72,4.6,4.63,222101701.0,1031488535.0
2018-06-28,4.6,4.61,4.52,4.53,182086764.0,831716813.0
2018-06-29,4.55,4.65,4.55,4.64,149500731.0,687593339.0
2018-07-02,4.62,4.62,4.4,4.43,208228797.0,939745712.0
2018-07-03,4.44,4.48,4.4,4.48,253510646.0,1127775219.0
2018-07-04,4.47,4.53,4.46,4.5,141777264.0,639122725.0
2018-07-05,4.51,4.61,4.5,4.56,213923615.0,972388008.0
2018-07-06,4.56,4.66,4.52,4.61,220835047.0,1013399712.0
2018-07-09,4.63,4.83,4.63,4.82,247216121.0,1174157841.0
2018-07-10,4.85,4.86,4.76,4.81,147942638.0,709528373.0
2018-07-11,4.72,4.81,4.7,4.78,174384915.0,831407573.0
2018-07-12,4.77,4.94,4.76,4.93,244826425.0,1199927563.0
2018-07-13,4.96,4.97,4.86,4.88,160233002.0,783719147.0
2018-07-16,4.85,4.87,4.74,4.76,190785925.0,912275287.0
2018-07-17,4.76,4.77,4.71,4.76,111869711.0,530286625.0
2018-07-18,4.77,4.84,4.76,4.76,105853466.0,507877468.0
2018-07-19,4.77,4.78,4.68,4.71,119340426.0,563235878.0
2018-07-20,4.7,5.02,4.67,4.98,393812999.0,1922223457.0
2018-07-23,4.99,5.2,4.94,5.1,431070677.0,2191821315.0
2018-07-24,5.12,5.22,5.08,5.11,289249495.0,1486706112.0
2018-07-25,5.11,5.13,5.05,5.12,209183157.0,1065617545.0
2018-07-26,5.12,5.17,5.01,5.05,219368506.0,1111538907.0
2018-07-27,5.03,5.07,5.01,5.04,125483418.0,632774801.0
2018-07-30,5.03,5.14,5.03,5.09,188021161.0,956312739.0
2018-07-31,5.09,5.17,5.03,5.14,144068667.0,736427123.0
2018-08-01,5.14,5.2,5.04,5.05,181022799.0,928819142.0
2018-08-02,5.03,5.04,4.93,4.95,164567198.0,818683972.0
2018-08-03,4.95,5.04,4.94,4.99,177613412.0,889834111.0
2018-08-06,5.02,5.1,4.97,5.02,151253802.0,762142310.0
2018-08-07,5.02,5.1,4.95,5.1,242479682.0,1216576016.0
2018-08-08,5.06,5.08,5.01,5.02,133253144.0,671774821.0
2018-08-09,4.98,5.08,4.97,5.07,166629767.0,840654618.0
2018-08-10,5.05,5.07,4.98,5.01,171248995.0,858992392.0
2018-08-13,4.98,4.98,4.83,4.92,240580819.0,1177448310.0
2018-08-14,4.89,4.91,4.83,4.9,166998498.0,812656956.0
2018-08-15,4.88,4.88,4.81,4.82,171458350.0,830116651.0
2018-08-16,4.75,4.85,4.73,4.8,216811625.0,1038415577.0
2018-08-17,4.83,4.83,4.77,4.79,153920101.0,739626562.0
2018-08-20,4.82,4.91,4.79,4.88,167035425.0,810195905.0
2018-08-21,4.9,4.94,4.87,4.92,163411036.0,804435697.0
2018-08-22,4.92,4.96,4.86,4.91,85237823.0,417623000.0
2018-08-23,4.9,4.96,4.89,4.92,100120256.0,492518601.0
2018-08-24,4.91,5.03,4.87,5.0,188046257.0,933085403.0
2018-08-27,5.0,5.04,4.94,5.03,217179791.0,1087290304.0
2018-08-28,5.03,5.07,5.0,5.02,132663240.0,667682694.0
2018-08-29,5.01,5.02,4.96,5.0,77981507.0,388541937.0
2018-08-30,4.99,5.01,4.9,4.92,130824212.0,646696764.0
2018-08-31,4.88,4.99,4.88,4.95,236656690.0,1168298958.0
2018-09-03,4.93,4.98,4.91,4.94,119725424.0,591034971.0
2018-09-04,4.94,4.98,4.88,4.95,140544392.0,692475397.0
2018-09-05,4.93,4.94,4.87,4.87,129218932.0,632498333.0
2018-09-06,4.85,4.89,4.83,4.85,94434818.0,458841635.0
2018-09-07,4.86,4.9,4.84,4.87,94719699.0,461299835.0
2018-09-10,4.86,4.92,4.83,4.86,116960602.0,570727308.0
2018-09-11,4.86,4.91,4.83,4.86,102264942.0,497613979.0
2018-09-12,4.83,4.85,4.81,4.82,110794318.0,534499953.0
2018-09-13,4.86,4.9,4.83,4.89,126115783.0,612783452.0
2018-09-14,4.91,4.91,4.87,4.89,74816133.0,365783310.0
2018-09-17,4.88,4.89,4.83,4.84,91740402.0,445943662.0
2018-09-18,4.85,4.91,4.83,4.91,123746540.0,601913118.0
2018-09-19,4.89,4.97,4.88,4.95,194186138.0,959117251.0
2018-09-20,4.95,5.03,4.95,5.0,162245431.0,809829138.0
2018-09-21,5.02,5.23,4.96,5.23,360848296.0,1848963749.0
2018-09-25,5.16,5.21,5.13,5.16,232649057.0,1202612205.0
2018-09-26,5.18,5.25,5.15,5.19,255613696.0,1331842938.0
2018-09-27,5.18,5.2,5.1,5.18,142596516.0,735440798.0
2018-09-28,5.18,5.28,5.17,5.25,219692872.0,1149909897.0
2018-10-08,5.13,5.13,5.03,5.06,241159872.0,1224027957.0
2018-10-09,5.03,5.08,5.01,5.03,162418599.0,818145013.0
2018-10-10,5.04,5.08,5.02,5.05,159075231.0,802739697.0
2018-10-11,4.93,5.0,4.88,4.92,260467552.0,1286482198.0
2018-10-12,4.92,5.05,4.92,5.03,181367111.0,902635315.0
2018-10-15,5.03,5.03,4.94,4.94,115983450.0,576406049.0
2018-10-16,4.94,5.03,4.93,4.96,111672245.0,556342930.0
2018-10-17,5.01,5.03,4.9,4.94,205356250.0,1019074792.0
2018-10-18,4.93,4.94,4.87,4.87,164525950.0,807226980.0
2018-10-19,4.87,5.03,4.81,4.99,272770828.0,1345285816.0
2018-10-22,5.01,5.17,5.01,5.13,304557177.0,1556976411.0
2018-10-23,5.13,5.15,4.96,4.98,224710033.0,1134478169.0
2018-10-24,4.97,5.16,4.96,5.12,289341406.0,1474702211.0
2018-10-25,5.03,5.16,4.98,5.14,241881915.0,1230959597.0
2018-10-26,5.15,5.24,5.07,5.18,218862501.0,1122075310.0
2018-10-29,5.16,5.23,5.03,5.08,204614290.0,1046638853.0
2018-10-30,5.11,5.17,5.06,5.13,166664785.0,852383405.0
2018-10-31,5.11,5.14,5.08,5.13,166536892.0,851804604.0
2018-11-01,5.14,5.16,5.05,5.07,213787141.0,1089281160.0
2018-11-02,5.13,5.15,5.04,5.13,374041615.0,1910514643.0
2018-11-05,5.11,5.12,5.04,5.06,208510680.0,1057512736.0
2018-11-06,5.07,5.08,5.01,5.03,173714463.0,873981044.0
2018-11-07,5.03,5.07,5.01,5.03,167788794.0,844666274.0
2018-11-08,5.03,5.06,5.02,5.03,134326794.0,676676589.0
2018-11-09,4.98,4.98,4.83,4.87,450248024.0,2191481176.0
2018-11-12,4.83,4.89,4.83,4.88,210107136.0,1020680555.0
2018-11-13,4.83,4.93,4.83,4.9,216021924.0,1052653345.0
2018-11-14,4.89,4.89,4.83,4.83,194637285.0,944287680.0
2018-11-15,4.83,4.87,4.83,4.87,132716117.0,644050300.0
2018-11-16,4.87,4.9,4.85,4.86,153275675.0,747277332.0
2018-11-19,4.88,4.93,4.87,4.93,194231210.0,952026363.0
2018-11-20,4.91,4.92,4.83,4.87,157237348.0,766521317.0
2018-11-21,4.83,4.89,4.83,4.88,107999326.0,526255183.0
2018-11-22,4.89,4.9,4.85,4.88,87179339.0,424623560.0
2018-11-23,4.88,4.88,4.84,4.85,98616914.0,479130038.0
2018-11-26,4.87,4.9,4.85,4.87,95823124.0,466946502.0
2018-11-27,4.87,4.87,4.84,4.85,72620345.0,352717518.0
2018-11-28,4.85,4.88,4.84,4.87,85632600.0,416929666.0
2018-11-29,4.89,4.9,4.84,4.85,89481377.0,435063214.0
2018-11-30,4.84,4.87,4.83,4.85,67203844.0,326057560.0
2018-12-03,4.93,4.95,4.9,4.93,244229029.0,1203130644.0
2018-12-04,4.93,4.94,4.92,4.93,105820200.0,521579413.0
2018-12-05,4.9,4.93,4.89,4.92,104232917.0,511551963.0
2018-12-06,4.87,4.91,4.85,4.87,123764202.0,602594757.0
2018-12-07,4.87,4.89,4.85,4.87,65463503.0,318833133.0
2018-12-10,4.83,4.86,4.83,4.85,88834226.0,430647457.0
2018-12-11,4.85,4.86,4.83,4.85,66676741.0,323017442.0
2018-12-12,4.86,4.87,4.84,4.86,68332562.0,332160888.0
2018-12-13,4.87,4.92,4.86,4.91,107247922.0,524792111.0
2018-12-14,4.88,4.9,4.86,4.87,82556014.0,402565671.0
2018-12-17,4.85,4.89,4.84,4.89,89954297.0,438320427.0
2018-12-18,4.87,4.88,4.85,4.87,107311254.0,522120363.0
2018-12-19,4.88,4.89,4.84,4.85,107976845.0,526282004.0
2018-12-20,4.85,4.87,4.73,4.76,203548447.0,971134825.0
2018-12-21,4.73,4.74,4.64,4.73,222034803.0,1037461964.0
2018-12-24,4.68,4.76,4.66,4.75,118852475.0,559448435.0
2018-12-25,4.7,4.79,4.7,4.76,182616775.0,864574243.0
2018-12-26,4.75,4.81,4.74,4.8,98705189.0,472229363.0
2018-12-27,4.83,4.84,4.8,4.81,111694740.0,538020359.0
2018-12-28,4.83,4.86,4.82,4.82,122507963.0,592871422.0
2019-01-02,4.83,4.83,4.71,4.73,124323637.0,589032055.0
2019-01-03,4.72,4.76,4.71,4.73,103611464.0,489960755.0
2019-01-04,4.72,4.81,4.69,4.8,134491776.0,639955298.0
2019-01-07,4.83,4.83,4.76,4.77,109814591.0,525367219.0
2019-01-08,4.78,4.78,4.72,4.73,124030945.0,586983187.0
2019-01-09,4.74,4.82,4.73,4.79,193533353.0,927673984.0
2019-01-10,4.77,4.79,4.73,4.75,92181188.0,438941576.0
2019-01-11,4.76,4.78,4.74,4.77,92148166.0,438851591.0
2019-01-14,4.79,4.79,4.72,4.73,104509163.0,495446484.0
2019-01-15,4.74,4.78,4.73,4.76,130602494.0,620636208.0
2019-01-16,4.76,4.77,4.74,4.77,95961607.0,456703388.0
2019-01-17,4.78,4.83,4.75,4.78,183780259.0,880743740.0
2019-01-18,4.8,4.92,4.78,4.91,276553635.0,1347139882.0
2019-01-21,4.93,4.99,4.92,4.96,233542307.0,1155980186.0
2019-01-22,4.97,4.97,4.89,4.91,153281871.0,755135234.0
2019-01-23,4.92,4.96,4.91,4.95,137728196.0,680815339.0
2019-01-24,4.97,4.98,4.93,4.97,97563127.0,484066271.0
2019-01-25,4.99,5.08,4.99,5.03,183025048.0,922146109.0
2019-01-28,5.1,5.13,4.99,5.01,180082990.0,911337389.0
2019-01-29,5.02,5.06,4.99,5.04,142871041.0,717789267.0
2019-01-30,5.04,5.07,5.02,5.05,150888463.0,762016503.0
2019-01-31,5.07,5.19,5.05,5.15,247258056.0,1270118548.0
2019-02-01,5.17,5.19,5.11,5.14,157811515.0,811725290.0
2019-02-11,5.12,5.14,5.06,5.13,131329675.0,671400319.0
2019-02-12,5.13,5.15,5.09,5.14,92911584.0,476043887.0
2019-02-13,5.14,5.23,5.11,5.2,193050149.0,996024200.0
2019-02-14,5.18,5.19,5.13,5.14,170713499.0,878284583.0
2019-02-15,5.13,5.13,4.99,5.02,234025791.0,1182691504.0
2019-02-18,5.04,5.1,5.03,5.1,205844094.0,1043454663.0
2019-02-19,5.09,5.13,5.05,5.07,233602655.0,1186283471.0
2019-02-20,5.08,5.1,5.05,5.07,117377551.0,595932403.0
2019-02-21,5.07,5.11,5.04,5.06,173889828.0,881970594.0
2019-02-22,5.05,5.05,4.98,5.05,327683257.0,1643297727.0
2019-02-25,5.07,5.37,5.07,5.37,743539757.0,3865185131.0
2019-02-26,5.36,5.37,5.23,5.25,503645953.0,2666027060.0
2019-02-27,5.26,5.4,5.22,5.29,528900899.0,2799706270.0
2019-02-28,5.27,5.31,5.2,5.23,306150653.0,1607625827.0
2019-03-01,5.25,5.33,5.2,5.33,370385196.0,1946441855.0
2019-03-04,5.37,5.45,5.31,5.33,661053256.0,3548348327.0
2019-03-05,5.31,5.32,5.25,5.3,365538836.0,1930794205.0
2019-03-06,5.28,5.33,5.27,5.33,358254676.0,1897117848.0
2019-03-07,5.32,5.32,5.23,5.24,439901672.0,2314378722.0
2019-03-08,5.19,5.19,5.08,5.09,393039224.0,2021357634.0
2019-03-11,5.08,5.13,5.05,5.11,254901235.0,1296366800.0
2019-03-12,5.13,5.17,5.1,5.12,301298705.0,1547955028.0
2019-03-13,5.11,5.11,5.04,5.08,336673621.0,1706659371.0
2019-03-14,5.07,5.11,5.04,5.07,248675569.0,1262154847.0
2019-03-15,5.06,5.12,5.06,5.08,274676939.0,1396909155.0
2019-03-18,5.07,5.14,5.06,5.14,399162685.0,2037487807.0
2019-03-19,5.16,5.16,5.12,5.14,269931510.0,1387001937.0
2019-03-20,5.13,5.14,5.09,5.11,259494318.0,1327840234.0
2019-03-21,5.11,5.12,5.08,5.09,254363006.0,1296886937.0
2019-03-22,5.09,5.1,5.05,5.08,210060353.0,1065810875.0
2019-03-25,5.03,5.05,4.97,4.98,353552882.0,1773948858.0
2019-03-26,5.0,5.0,4.94,4.96,228403846.0,1134356207.0
2019-03-27,4.97,5.04,4.96,5.02,289307349.0,1448761846.0
2019-03-28,5.0,5.01,4.95,4.96,211162830.0,1048075591.0
2019-03-29,4.98,5.08,4.97,5.07,430142089.0,2167140511.0
2019-04-01,5.09,5.15,5.09,5.13,535946231.0,2746619007.0
2019-04-02,5.15,5.19,5.13,5.15,431100336.0,2224158954.0
2019-04-03,5.1,5.2,5.1,5.19,358397208.0,1849272726.0
2019-04-04,5.19,5.31,5.18,5.29,496980793.0,2613628429.0
2019-04-08,5.33,5.44,5.26,5.3,471622209.0,2520826723.0
2019-04-09,5.29,5.3,5.24,5.26,264499306.0,1393045154.0
2019-04-10,5.23,5.27,5.19,5.23,264976803.0,1382006765.0
2019-04-11,5.23,5.27,5.2,5.22,238494171.0,1248620756.0
2019-04-12,5.21,5.23,5.19,5.22,168731178.0,879599556.0
2019-04-15,5.29,5.4,5.28,5.29,520095237.0,2779941677.0
2019-04-16,5.26,5.49,5.23,5.46,605452577.0,3278481934.0
2019-04-17,5.45,5.54,5.43,5.47,400144737.0,2192184239.0
2019-04-18,5.47,5.49,5.4,5.41,237782443.0,1291541522.0
2019-04-19,5.41,5.47,5.41,5.44,202672616.0,1102589241.0
2019-04-22,5.45,5.46,5.29,5.31,300002918.0,1604367134.0
2019-04-23,5.32,5.33,5.27,5.29,201123730.0,1064237189.0
2019-04-24,5.3,5.32,5.23,5.29,229751304.0,1213023884.0
2019-04-25,5.27,5.28,5.2,5.22,248210365.0,1300357961.0
2019-04-26,5.2,5.24,5.19,5.2,202108452.0,1053851685.0
2019-04-29,5.22,5.32,5.2,5.28,232811657.0,1225789011.0
2019-04-30,5.28,5.31,5.23,5.29,203256377.0,1071096005.0
2019-05-06,5.18,5.28,5.06,5.21,433005942.0,2231092909.0
2019-05-07,5.19,5.2,5.13,5.15,184569017.0,952166816.0
2019-05-08,5.1,5.13,5.07,5.09,148930871.0,759565823.0
2019-05-09,5.07,5.08,5.01,5.03,184147599.0,927332814.0
2019-05-10,5.04,5.15,5.01,5.11,237845608.0,1208207525.0
2019-05-13,5.05,5.07,5.03,5.04,127888834.0,645989042.0
2019-05-14,5.02,5.06,5.01,5.03,137163686.0,689966955.0
2019-05-15,5.04,5.09,5.02,5.07,177465821.0,896828177.0
2019-05-16,5.04,5.11,5.03,5.09,169837357.0,861855987.0
2019-05-17,5.1,5.11,5.04,5.07,175096010.0,889465004.0
2019-05-20,5.06,5.14,5.05,5.11,265219841.0,1354096098.0
2019-05-21,5.11,5.15,5.1,5.13,171130019.0,878069666.0
2019-05-22,5.13,5.15,5.09,5.14,132784494.0,681037705.0
2019-05-23,5.14,5.15,5.12,5.14,204907196.0,1051733274.0
2019-05-24,5.14,5.21,5.13,5.19,153799691.0,796791416.0
2019-05-27,5.17,5.18,5.12,5.14,195633238.0,1006664975.0
2019-05-28,5.15,5.17,5.12,5.16,207938395.0,1070600877.0
2019-05-29,5.13,5.16,5.12,5.14,128018364.0,657781033.0
2019-05-30,5.14,5.16,5.12,5.16,132430336.0,680596423.0
2019-05-31,5.14,5.15,5.1,5.11,163469011.0,837910267.0
2019-06-03,5.12,5.19,5.12,5.19,205392258.0,1059369588.0
2019-06-04,5.19,5.23,5.17,5.22,180569650.0,939313934.0
2019-06-05,5.23,5.3,5.23,5.24,187556154.0,987984988.0
2019-06-06,5.26,5.27,5.22,5.22,169495279.0,887887833.0
2019-06-10,5.23,5.3,5.23,5.26,203500192.0,1072572133.0
2019-06-11,5.26,5.28,5.24,5.27,285470452.0,1502386897.0
2019-06-12,5.26,5.27,5.23,5.24,208941247.0,1096083193.0
2019-06-13,5.23,5.24,5.2,5.22,180197646.0,940707281.0
2019-06-14,5.23,5.26,5.21,5.23,162815206.0,851421113.0
2019-06-17,5.22,5.25,5.21,5.23,173777788.0,909396131.0
2019-06-18,5.23,5.24,5.21,5.23,286797588.0,1497382199.0
2019-06-19,5.29,5.32,5.24,5.26,442205070.0,2330013862.0
2019-06-20,5.26,5.37,5.25,5.32,645332517.0,3422036508.0
2019-06-21,5.32,5.36,5.3,5.33,349714046.0,1863369476.0
2019-06-24,5.33,5.35,5.31,5.35,196097041.0,1044893557.0
2019-06-25,5.34,5.35,5.25,5.31,294916209.0,1565106769.0
2019-06-26,5.29,5.33,5.28,5.33,151124550.0,803732376.0
2019-06-27,5.33,5.39,5.33,5.38,246546140.0,1323644589.0
2019-06-28,5.36,5.38,5.32,5.36,171569128.0,917321841.0
2019-07-01,5.41,5.44,5.37,5.39,321596287.0,1733983996.0
2019-07-02,5.38,5.42,5.37,5.4,298061714.0,1608451266.0
2019-07-03,5.4,5.41,5.36,5.39,220598281.0,1186312926.0
2019-07-04,5.39,5.4,5.37,5.4,159594403.0,859960469.0
2019-07-05,5.38,5.4,5.37,5.39,135657526.0,729920554.0
2019-07-08,5.37,5.38,5.27,5.31,206485001.0,1097056866.0
2019-07-09,5.29,5.31,5.28,5.3,125614420.0,666052044.0
2019-07-10,5.3,5.31,5.27,5.28,111188296.0,587125216.0
2019-07-11,5.28,5.3,5.28,5.29,111831717.0,591679257.0
2019-07-12,5.3,5.36,5.28,5.34,148463286.0,790560846.0
2019-07-15,5.32,5.33,5.27,5.32,132734713.0,703712105.0
2019-07-16,5.32,5.34,5.29,5.33,85094776.0,453192172.0
2019-07-17,5.31,5.32,5.28,5.28,152495562.0,806704397.0
2019-07-18,5.27,5.3,5.27,5.29,127110070.0,671927101.0
2019-07-19,5.28,5.33,5.28,5.32,125146579.0,665457945.0
2019-07-22,5.31,5.37,5.31,5.36,168815229.0,903329968.0
2019-07-23,5.35,5.38,5.33,5.38,127358479.0,682694451.0
2019-07-24,5.38,5.42,5.37,5.41,179043139.0,967315317.0
2019-07-25,5.41,5.41,5.38,5.41,122490948.0,660682532.0
2019-07-26,5.39,5.42,5.38,5.41,118966783.0,642681828.0
2019-07-29,5.41,5.41,5.36,5.37,161234769.0,866677467.0
2019-07-30,5.39,5.4,5.36,5.38,141084447.0,759884552.0
2019-07-31,5.37,5.38,5.34,5.36,115010848.0,616467314.0
2019-08-01,5.34,5.36,5.32,5.33,109596824.0,585216834.0
2019-08-02,5.28,5.31,5.23,5.28,172140629.0,908481761.0
2019-08-05,5.27,5.28,5.21,5.21,154995138.0,812704127.0
2019-08-06,5.16,5.17,5.13,5.14,183211768.0,943338864.0
2019-08-07,5.16,5.17,5.11,5.12,118043472.0,605815403.0
2019-08-08,5.14,5.18,5.12,5.16,137656894.0,709635128.0
2019-08-09,5.17,5.22,5.16,5.19,158843399.0,824562308.0
2019-08-12,5.19,5.26,5.18,5.24,119826979.0,625444071.0
2019-08-13,5.22,5.26,5.21,5.24,106145678.0,555891366.0
2019-08-14,5.27,5.28,5.26,5.26,113175172.0,596398429.0
2019-08-15,5.21,5.28,5.19,5.28,107744388.0,566358431.0
2019-08-16,5.28,5.28,5.23,5.23,121300028.0,637791324.0
2019-08-19,5.2,5.23,5.11,5.2,348212856.0,1797812975.0
2019-08-20,5.19,5.19,5.14,5.15,247173236.0,1273619748.0
2019-08-21,5.14,5.17,5.13,5.16,111335567.0,573831805.0
2019-08-22,5.17,5.17,5.11,5.12,172913547.0,887219738.0
2019-08-23,5.13,5.16,5.11,5.15,132942093.0,683684532.0
2019-08-26,5.09,5.13,5.09,5.11,146326070.0,747568384.0
2019-08-27,5.13,5.17,5.11,5.15,230355844.0,1185475198.0
2019-08-28,5.14,5.15,5.11,5.13,118444461.0,607677060.0
2019-08-29,5.12,5.15,5.11,5.15,135233912.0,694284311.0
2019-08-30,5.17,5.17,5.11,5.12,160862971.0,826775233.0
2019-09-02,5.13,5.15,5.11,5.12,199132616.0,1020599247.0
2019-09-03,5.11,5.13,5.1,5.13,129661087.0,663234360.0
2019-09-04,5.13,5.2,5.11,5.2,231310174.0,1193234818.0
2019-09-05,5.21,5.27,5.2,5.23,311366272.0,1630622336.0
2019-09-06,5.24,5.26,5.22,5.25,147167886.0,771476211.0
2019-09-09,5.27,5.28,5.22,5.24,208307934.0,1091900683.0
2019-09-10,5.24,5.25,5.21,5.23,170577708.0,891826027.0
2019-09-11,5.25,5.28,5.23,5.28,213242725.0,1121044832.0
2019-09-12,5.28,5.29,5.26,5.29,139679194.0,736481643.0
2019-09-16,5.29,5.3,5.28,5.29,148813026.0,786981778.0
2019-09-17,5.28,5.29,5.22,5.24,144407030.0,758429381.0
2019-09-18,5.25,5.26,5.22,5.23,98137651.0,513953055.0
2019-09-19,5.24,5.24,5.2,5.23,91032186.0,474638527.0
2019-09-20,5.24,5.26,5.21,5.26,149670538.0,784177784.0
2019-09-23,5.24,5.25,5.18,5.21,159936639.0,832298517.0
2019-09-24,5.21,5.25,5.2,5.23,106671386.0,557207488.0
2019-09-25,5.22,5.25,5.2,5.22,105114760.0,549254645.0
2019-09-26,5.24,5.28,5.23,5.28,222941251.0,1174808257.0
2019-09-27,5.28,5.3,5.21,5.27,200975930.0,1056834869.0
2019-09-30,5.26,5.32,5.25,5.26,157713921.0,833912971.0
2019-10-08,5.24,5.3,5.21,5.28,131847194.0,694816959.0
2019-10-09,5.26,5.32,5.26,5.3,129535452.0,686629146.0
2019-10-10,5.3,5.3,5.28,5.29,80040678.0,423452590.0
2019-10-11,5.28,5.37,5.28,5.36,172881927.0,922238774.0
2019-10-14,5.37,5.48,5.36,5.44,230955910.0,1254701740.0
2019-10-15,5.43,5.46,5.41,5.44,120301655.0,652994101.0
2019-10-16,5.47,5.5,5.39,5.44,148776175.0,810716159.0
2019-10-17,5.43,5.44,5.41,5.43,74342730.0,403474493.0
2019-10-18,5.44,5.47,5.38,5.39,133082329.0,721838808.0
2019-10-21,5.4,5.5,5.39,5.5,204218243.0,1116127966.0
2019-10-22,5.51,5.52,5.47,5.52,116536837.0,640665454.0
2019-10-23,5.5,5.6,5.49,5.58,172385955.0,957097644.0
2019-10-24,5.58,5.71,5.57,5.63,234649485.0,1325648418.0
2019-10-25,5.62,5.69,5.55,5.68,185857496.0,1046629180.0
2019-10-28,5.7,5.72,5.62,5.64,179599744.0,1014224887.0
2019-10-29,5.64,5.67,5.59,5.62,126043683.0,709827271.0
2019-10-30,5.63,5.68,5.61,5.66,129784356.0,733775252.0
2019-10-31,5.67,5.67,5.58,5.62,101983264.0,572353999.0
2019-11-01,5.61,5.67,5.53,5.65,140118652.0,785011338.0
2019-11-04,5.65,5.67,5.61,5.61,118008466.0,664293605.0
2019-11-05,5.62,5.7,5.6,5.63,212719965.0,1202831879.0
2019-11-06,5.62,5.7,5.61,5.68,164781042.0,932669708.0
2019-11-07,5.68,5.69,5.64,5.66,116001912.0,657380180.0
2019-11-08,5.68,5.69,5.57,5.58,179300057.0,1006735310.0
2019-11-11,5.55,5.56,5.47,5.48,142704313.0,785921491.0
2019-11-12,5.48,5.53,5.47,5.51,92072346.0,506219092.0
2019-11-13,5.5,5.53,5.46,5.49,112173551.0,616839590.0
2019-11-14,5.48,5.51,5.46,5.47,82083650.0,449636131.0
2019-11-15,5.47,5.52,5.47,5.5,97864552.0,537829174.0
2019-11-18,5.49,5.53,5.47,5.53,88254499.0,486225054.0
2019-11-19,5.52,5.56,5.51,5.56,106342335.0,589556586.0
2019-11-20,5.54,5.56,5.5,5.51,74461634.0,411396344.0
2019-11-21,5.48,5.49,5.43,5.45,149502234.0,814571213.0
2019-11-22,5.45,5.47,5.43,5.43,117318837.0,639050192.0
2019-11-25,5.44,5.56,5.43,5.54,201615320.0,1112388234.0
2019-11-26,5.56,5.6,5.54,5.56,161686600.0,900597531.0
2019-11-27,5.57,5.6,5.54,5.59,90882740.0,506920677.0
2019-11-28,5.58,5.59,5.53,5.55,79431428.0,441313058.0
2019-11-29,5.53,5.59,5.5,5.5,108597076.0,601912619.0
2019-12-02,5.51,5.54,5.51,5.52,89432911.0,493980584.0
2019-12-03,5.51,5.53,5.47,5.5,78692653.0,433027810.0
2019-12-04,5.5,5.5,5.46,5.47,97787720.0,535386415.0
2019-12-05,5.49,5.51,5.47,5.48,83138760.0,456172044.0
2019-12-06,5.48,5.5,5.44,5.47,115314902.0,629666588.0
2019-12-09,5.46,5.47,5.42,5.46,116255648.0,632087933.0
2019-12-10,5.45,5.45,5.41,5.42,102859795.0,557745079.0
2019-12-11,5.43,5.47,5.41,5.47,118762342.0,646313686.0
2019-12-12,5.47,5.47,5.44,5.46,95700014.0,522169061.0
2019-12-13,5.49,5.53,5.47,5.53,157219845.0,864842609.0
2019-12-16,5.52,5.52,5.47,5.49,148512813.0,815376177.0
2019-12-17,5.5,5.59,5.47,5.55,250919240.0,1386519848.0
2019-12-18,5.54,5.63,5.53,5.58,194057198.0,1083556133.0
2019-12-19,5.58,5.66,5.58,5.64,175534913.0,986230754.0
2019-12-20,5.63,5.66,5.6,5.65,126422748.0,710919147.0
2019-12-23,5.64,5.64,5.57,5.59,125346654.0,702161148.0
2019-12-24,5.57,5.59,5.55,5.57,71773261.0,400001440.0
2019-12-25,5.57,5.58,5.54,5.54,82219698.0,456919139.0
2019-12-26,5.56,5.58,5.53,5.57,94178570.0,523540970.0
2019-12-27,5.56,5.65,5.56,5.61,137109663.0,769054268.0
2019-12-30,5.59,5.6,5.52,5.6,221643158.0,1233513920.85
2019-12-31,5.58,5.62,5.55,5.59,147353472.0,821744257.7
2020-01-02,5.63,5.73,5.62,5.67,247191303.0,1404442753.49
2020-01-03,5.67,5.72,5.66,5.69,160144022.0,911951562.08
2020-01-06,5.66,5.75,5.66,5.67,238311866.0,1359917424.35
2020-01-07,5.68,5.74,5.68,5.71,122890378.0,701615827.19
2020-01-08,5.66,5.67,5.61,5.62,166820722.0,940552725.02
2020-01-09,5.66,5.66,5.59,5.62,144888910.0,813806686.1
2020-01-10,5.62,5.64,5.57,5.62,102935555.0,576580178.4
2020-01-13,5.61,5.64,5.58,5.64,114669918.0,642791833.53
2020-01-14,5.63,5.66,5.62,5.65,143896386.0,812389848.25
2020-01-15,5.64,5.65,5.58,5.59,135606536.0,759512875.22
2020-01-16,5.58,5.6,5.5,5.51,283049078.0,1572007903.12
2020-01-17,5.52,5.55,5.51,5.53,109365233.0,605076652.74
2020-01-20,5.52,5.57,5.51,5.55,108724433.0,602786615.33
2020-01-21,5.53,5.54,5.47,5.48,150686258.0,828268482.47
2020-01-22,5.47,5.5,5.43,5.5,135059476.0,738870048.63
2020-01-23,5.47,5.49,5.42,5.44,210460504.0,1146238549.96
2020-02-03,5.04,5.3,5.04,5.15,492426858.0,2524272183.11
2020-02-04,5.12,5.26,5.09,5.23,422299214.0,2178867251.97
2020-02-05,5.22,5.25,5.15,5.22,263924401.0,1374458723.14
2020-02-06,5.23,5.26,5.17,5.23,295636538.0,1538957670.75
2020-02-07,5.2,5.2,5.13,5.17,249684369.0,1288428158.14
2020-02-10,5.14,5.16,5.11,5.15,200150910.0,1027646560.89
2020-02-11,5.16,5.2,5.14,5.19,208841100.0,1081002724.05
2020-02-12,5.19,5.2,5.15,5.19,214539280.0,1109148700.73
2020-02-13,5.18,5.18,5.13,5.14,209964024.0,1082005690.93
2020-02-14,5.13,5.17,5.12,5.16,148953209.0,767126663.05
2020-02-17,5.15,5.22,5.14,5.22,225355411.0,1169117309.98
2020-02-18,5.2,5.21,5.17,5.19,194157920.0,1007061194.12
2020-02-19,5.18,5.23,5.18,5.21,214684417.0,1115986858.71
2020-02-20,5.21,5.25,5.17,5.24,298448457.0,1552477582.05
2020-02-21,5.22,5.25,5.2,5.22,235366592.0,1228187059.2
2020-02-24,5.21,5.22,5.16,5.17,203402499.0,1053685892.67
2020-02-25,5.13,5.15,5.12,5.14,242124240.0,1243466242.58
2020-02-26,5.11,5.17,5.09,5.14,271410133.0,1393315556.88
2020-02-27,5.13,5.15,5.12,5.13,234151759.0,1202215361.15
2020-02-28,5.1,5.11,5.02,5.04,444974048.0,2256218763.52
2020-03-02,5.04,5.09,5.03,5.09,252402292.0,1279829480.68
2020-03-03,5.1,5.13,5.09,5.11,268710833.0,1374004536.22
2020-03-04,5.1,5.12,5.09,5.12,141278256.0,721906814.9
2020-03-05,5.13,5.19,5.11,5.19,347762343.0,1794965701.7
2020-03-06,5.15,5.16,5.12,5.14,206159731.0,1059304456.2
2020-03-09,5.08,5.09,5.04,5.05,303071335.0,1532677429.31
2020-03-10,5.03,5.1,5.03,5.09,263889642.0,1336201305.96
2020-03-11,5.09,5.1,5.06,5.06,178233809.0,904475653.88
2020-03-12,5.04,5.06,5.01,5.03,259129628.0,1303003586.2
2020-03-13,4.9,5.01,4.88,4.96,315341063.0,1553653694.93
2020-03-16,4.96,5.03,4.89,4.91,320330351.0,1586443699.97
2020-03-17,4.9,4.97,4.87,4.91,271140919.0,1329255602.82
2020-03-18,4.92,4.94,4.86,4.86,213058314.0,1045181427.62
2020-03-19,4.86,4.87,4.69,4.74,304989261.0,1452206739.27
2020-03-20,4.77,4.86,4.75,4.83,223586513.0,1073508058.41
2020-03-23,4.75,4.78,4.73,4.74,147283375.0,699169082.53
2020-03-24,4.77,4.87,4.77,4.87,242332905.0,1166514215.21
2020-03-25,4.91,4.92,4.85,4.92,244276155.0,1195478388.0
2020-03-26,4.88,4.96,4.86,4.92,163720968.0,805142973.09
2020-03-27,4.95,4.99,4.92,4.95,181736830.0,901046977.4
2020-03-30,4.92,4.98,4.89,4.96,205569084.0,1016609262.95
2020-03-31,4.96,4.98,4.87,4.89,185278955.0,912323378.19
2020-04-01,4.89,4.93,4.88,4.9,107165724.0,525623743.36
2020-04-02,4.89,4.93,4.86,4.93,129288524.0,632366527.42
2020-04-03,4.9,4.92,4.87,4.89,115315511.0,564119678.28
2020-04-07,4.92,4.93,4.88,4.9,179175099.0,878022933.35
2020-04-08,4.89,4.89,4.87,4.89,108865786.0,531023692.05
2020-04-09,4.89,4.89,4.87,4.88,77416046.0,377790164.04
2020-04-10,4.88,4.89,4.85,4.86,102903063.0,500477714.99
2020-04-13,4.85,4.88,4.84,4.85,89964092.0,436405777.59
2020-04-14,4.86,4.88,4.85,4.87,92923727.0,451932583.05
2020-04-15,4.86,4.88,4.85,4.88,99532805.0,484407190.94
2020-04-16,4.86,4.88,4.85,4.87,73713774.0,358394225.34
2020-04-17,4.88,4.91,4.86,4.89,145448043.0,710819554.01
2020-04-20,4.89,4.89,4.87,4.87,109217617.0,532094032.02
2020-04-21,4.86,4.87,4.82,4.83,123732625.0,598287911.57
2020-04-22,4.82,4.85,4.8,4.84,92225745.0,445105983.43
2020-04-23,4.84,4.84,4.8,4.82,108726832.0,523778033.11
2020-04-24,4.81,4.82,4.79,4.8,72379757.0,347600181.63
2020-04-27,4.8,4.86,4.8,4.84,123411516.0,596976652.75
2020-04-28,4.84,4.87,4.79,4.86,158356039.0,766309871.52
2020-04-29,4.85,4.89,4.83,4.89,127388421.0,621183010.16
2020-04-30,4.89,4.92,4.89,4.91,109486101.0,537925253.69
2020-05-06,4.87,4.87,4.83,4.86,170505326.0,826750779.87
2020-05-07,4.85,4.86,4.84,4.85,83009133.0,402339513.83
2020-05-08,4.85,4.87,4.84,4.85,120810835.0,586300546.95
2020-05-11,4.86,4.89,4.85,4.89,118942390.0,579421726.0
2020-05-12,4.88,4.89,4.86,4.88,106927563.0,521289496.26
2020-05-13,4.87,4.88,4.86,4.88,58526488.0,284796153.09
2020-05-14,4.87,4.88,4.84,4.85,85380905.0,414442713.21
2020-05-15,4.85,4.87,4.83,4.84,100903265.0,488458006.09
2020-05-18,4.84,4.85,4.82,4.85,98495788.0,476194381.78
2020-05-19,4.87,4.88,4.85,4.87,143275683.0,696256254.36
2020-05-20,4.86,4.87,4.85,4.87,91285703.0,443325188.42
2020-05-21,4.87,4.88,4.85,4.85,85223726.0,414491658.5
2020-05-22,4.85,4.86,4.8,4.8,150847666.0,727859693.2
2020-05-25,4.81,4.85,4.79,4.84,111003849.0,535413168.59
2020-05-26,4.85,4.86,4.83,4.83,97342938.0,471204943.11
2020-05-27,4.83,4.88,4.83,4.87,125825383.0,611685989.86
2020-05-28,4.87,4.92,4.87,4.91,153321853.0,751332006.85
2020-05-29,4.89,4.89,4.85,4.87,132314139.0,644333222.2
2020-06-01,4.88,4.9,4.87,4.9,110479264.0,540140879.19
2020-06-02,4.89,4.93,4.88,4.93,160792278.0,788749045.63
2020-06-03,4.94,4.98,4.92,4.93,141557263.0,700101339.92
2020-06-04,4.94,4.95,4.91,4.92,80374587.0,396059493.11
2020-06-05,4.93,4.96,4.9,4.95,115590250.0,569906514.2
2020-06-08,4.96,5.0,4.94,4.98,179835595.0,894672989.27
2020-06-09,4.98,5.02,4.97,5.0,124860094.0,624176016.26
2020-06-10,5.01,5.02,4.99,5.01,136895797.0,685774218.81
2020-06-11,5.01,5.04,4.98,5.01,212477275.0,1065079808.44
2020-06-12,4.97,5.06,4.94,4.96,399511436.0,2002673521.24
2020-06-15,4.98,5.05,4.97,4.98,227336203.0,1137899836.76
2020-06-16,5.01,5.05,5.0,5.04,129448808.0,650847976.83
2020-06-17,5.02,5.04,4.99,5.0,92568849.0,463475829.59
2020-06-18,4.94,4.96,4.9,4.93,221957745.0,1095065086.01
2020-06-19,4.92,4.95,4.89,4.94,208953294.0,1029454850.77
2020-06-22,4.94,4.96,4.9,4.9,165163518.0,814365099.14
2020-06-23,4.9,4.9,4.87,4.89,189266794.0,924358314.16
2020-06-24,4.89,4.98,4.89,4.96,204290039.0,1008333086.37
2020-06-29,5.02,5.05,4.94,4.99,315732653.0,1574885416.26
2020-06-30,5.0,5.03,4.96,4.98,213559908.0,1064429271.78
2020-07-01,4.98,4.99,4.92,4.99,195342430.0,968080285.49
2020-07-02,4.98,5.07,4.96,5.06,333639508.0,1672846064.47
2020-07-03,5.06,5.18,5.06,5.16,349460778.0,1791281772.11
2020-07-06,5.2,5.61,5.19,5.6,746359638.0,4044172401.17
2020-07-07,5.67,5.85,5.56,5.56,622456480.0,3518396224.73
2020-07-08,5.52,5.59,5.38,5.47,613051056.0,3357353297.32
2020-07-09,5.43,5.45,5.35,5.38,569342048.0,3064469064.13
2020-07-10,5.36,5.37,5.2,5.22,626079327.0,3302585366.18
2020-07-13,5.2,5.25,5.16,5.21,608928410.0,3167529368.97
2020-07-14,5.19,5.2,5.13,5.14,463922050.0,2397441230.87
2020-07-15,5.16,5.18,5.07,5.08,461149414.0,2355023798.49
2020-07-16,5.08,5.13,5.05,5.06,492285809.0,2505984420.23
2020-07-17,5.06,5.08,5.03,5.06,297529798.0,1504161296.86
2020-07-20,5.07,5.14,5.05,5.13,386592363.0,1974500421.59
2020-07-21,5.13,5.14,5.09,5.1,226253759.0,1154453551.29
2020-07-22,5.1,5.14,5.07,5.09,292661107.0,1493366737.41
2020-07-23,5.07,5.08,5.02,5.03,375136563.0,1890158446.43
2020-07-24,5.03,5.03,4.96,4.98,363761006.0,1817042791.39
2020-07-27,4.98,5.0,4.95,4.97,217634490.0,1082016313.91
2020-07-28,4.99,5.0,4.96,4.98,174844591.0,870345478.12
2020-07-29,4.97,5.02,4.93,5.02,275856664.0,1375574099.23
2020-07-30,5.02,5.02,4.98,4.98,153782861.0,768439793.27
2020-07-31,4.98,5.01,4.95,4.96,254967287.0,1268345180.2
2020-08-03,4.98,5.0,4.96,4.98,244686781.0,1217707579.5
2020-08-04,4.99,5.07,4.97,5.05,401220469.0,2015491477.64
2020-08-05,5.02,5.03,4.99,5.0,205232006.0,1027991586.4
2020-08-06,5.01,5.03,4.98,5.02,209927052.0,1049299499.25
2020-08-07,5.01,5.01,4.97,4.98,192143281.0,957716707.86
2020-08-10,4.97,5.0,4.96,4.99,200986917.0,1001722874.75
2020-08-11,4.98,5.02,4.97,4.98,276724552.0,1383596404.48
2020-08-12,4.97,4.99,4.96,4.99,225612404.0,1121910726.69
2020-08-13,4.98,5.0,4.97,4.98,116382932.0,580121566.57
2020-08-14,4.98,5.02,4.97,5.02,208584453.0,1042149479.85
2020-08-17,5.02,5.11,5.02,5.09,548693326.0,2783708791.16
2020-08-18,5.09,5.09,5.04,5.05,237195504.0,1199875631.37
2020-08-19,5.06,5.07,5.03,5.03,163005140.0,821836841.43
2020-08-20,5.02,5.03,4.99,5.0,164245323.0,821731215.35
2020-08-21,5.01,5.02,4.99,5.01,130184483.0,651086296.03
2020-08-24,5.01,5.02,4.99,4.99,120078607.0,600551218.04
2020-08-25,5.0,5.01,4.98,5.0,154898745.0,773465195.49
2020-08-26,5.0,5.0,4.97,4.98,151462246.0,754742688.54
2020-08-27,4.98,4.98,4.96,4.97,141665658.0,703831744.59
2020-08-28,4.97,5.01,4.96,5.0,210367849.0,1048187711.33
2020-08-31,4.99,5.01,4.96,4.96,263148438.0,1312043185.87
2020-09-01,4.96,4.97,4.94,4.96,156648375.0,776360132.36
2020-09-02,4.96,4.96,4.92,4.92,272900852.0,1345657209.69
2020-09-03,4.92,4.94,4.89,4.91,183967179.0,903223967.51
2020-09-04,4.89,4.91,4.88,4.9,140939398.0,689451433.43
2020-09-07,4.89,4.92,4.88,4.9,152562738.0,748340492.62
2020-09-08,4.9,4.96,4.89,4.95,199548082.0,984987766.69
2020-09-09,4.93,4.95,4.92,4.94,161334069.0,796614938.41
2020-09-10,4.94,4.95,4.9,4.91,144437836.0,710761036.27
2020-09-11,4.9,4.95,4.9,4.93,149430213.0,735936770.84
2020-09-14,4.93,4.94,4.91,4.93,102757121.0,505351325.96
2020-09-15,4.92,4.93,4.91,4.92,82808103.0,407040417.39
2020-09-16,4.92,4.94,4.9,4.94,107615627.0,530226171.83
2020-09-17,4.94,4.95,4.92,4.94,120886368.0,596571628.2
2020-09-18,4.95,4.98,4.93,4.98,260734428.0,1293690927.14
2020-09-21,4.97,4.99,4.94,4.96,121766522.0,604081552.39
2020-09-22,4.95,4.96,4.92,4.93,109705020.0,542057883.71
2020-09-23,4.93,4.94,4.91,4.92,100583616.0,495260687.95
2020-09-24,4.91,4.92,4.88,4.9,126596512.0,619885383.56
2020-09-25,4.9,4.91,4.88,4.89,108001750.0,528791476.53
2020-09-28,4.9,4.94,4.88,4.94,163464701.0,803113058.99
2020-09-29,4.94,4.95,4.91,4.91,115613449.0,570003173.07
2020-09-30,4.92,4.95,4.91,4.92,151234271.0,745278041.84
2020-10-09,4.94,4.94,4.91,4.91,128998422.0,635218844.35
2020-10-12,4.92,4.97,4.91,4.96,252543847.0,1248536339.36
2020-10-13,4.95,4.96,4.91,4.92,167433669.0,825268306.27
2020-10-14,4.92,4.93,4.91,4.92,140848926.0,692484410.09
2020-10-15,4.92,4.95,4.9,4.93,201150932.0,992203997.11
2020-10-16,4.92,5.02,4.92,4.99,500955753.0,2496968033.87
2020-10-19,4.99,5.08,4.98,5.02,345816276.0,1741740680.05
2020-10-20,5.01,5.01,4.95,4.98,240689629.0,1197285747.71
2020-10-21,4.98,5.07,4.95,5.05,325876182.0,1637539375.17
2020-10-22,5.05,5.07,5.02,5.06,191063454.0,963485740.65
2020-10-23,5.05,5.08,5.03,5.06,235615563.0,1193368823.87
2020-10-26,5.06,5.07,5.01,5.02,179783563.0,905802520.89
2020-10-27,5.01,5.04,5.0,5.03,159795896.0,801971542.34
2020-10-28,5.02,5.03,4.98,5.0,182063873.0,910381917.12
2020-10-29,4.98,4.99,4.95,4.96,167446150.0,831255142.67
2020-10-30,4.96,4.98,4.91,4.92,210764327.0,1040631798.71
2020-11-02,4.92,4.95,4.91,4.94,157226709.0,775279271.87
2020-11-03,4.95,4.98,4.94,4.95,135357406.0,671170595.74
2020-11-04,4.97,4.98,4.93,4.95,146498496.0,726041150.61
2020-11-05,4.97,4.99,4.94,4.95,163734975.0,811620261.62
2020-11-06,4.95,4.98,4.93,4.96,165958743.0,822468060.34
2020-11-09,4.97,4.99,4.96,4.98,225602124.0,1122494987.07
2020-11-10,5.01,5.05,5.0,5.02,259168387.0,1300974712.99
2020-11-11,5.01,5.08,5.0,5.07,309611502.0,1564938518.39
2020-11-12,5.06,5.06,5.01,5.01,139875220.0,702982494.75
2020-11-13,5.01,5.01,4.95,4.96,192265408.0,955481766.1
2020-11-16,4.97,4.99,4.96,4.98,128241596.0,637821655.37
2020-11-17,4.98,5.0,4.97,5.0,122033280.0,608551313.86
2020-11-18,5.0,5.05,4.98,5.03,193561819.0,972693581.9
2020-11-19,5.02,5.05,5.02,5.04,154569394.0,778151976.82
2020-11-20,5.05,5.06,5.01,5.03,126572054.0,636625580.17
2020-11-23,5.01,5.08,5.01,5.07,282580046.0,1428218315.62
2020-11-24,5.07,5.09,5.05,5.05,189318043.0,959879196.85
2020-11-25,5.08,5.11,5.04,5.04,200292965.0,1017147724.14
2020-11-26,5.04,5.1,5.03,5.09,197392278.0,1002567141.7
